SET NAMES utf8mb4;
SET FOREIGN_KEY_CHECKS = 0;

-- ----------------------------
-- Table structure for adventure
-- ----------------------------
DROP TABLE IF EXISTS `adventure`;
CREATE TABLE `adventure`  (
  `id` bigint(20) UNSIGNED NOT NULL,
  `create_time` datetime(0) NOT NULL,
  `modified_time` datetime(0) NOT NULL,
  `name` varchar(255) CHARACTER SET utf8mb4 COLLATE utf8mb4_general_ci NOT NULL,
  `description` varchar(255) CHARACTER SET utf8mb4 COLLATE utf8mb4_general_ci NOT NULL,
  `price` int(11) NOT NULL,
  `item_id` bigint(20) UNSIGNED NULL DEFAULT NULL,
  PRIMARY KEY (`id`) USING BTREE
) ENGINE = InnoDB CHARACTER SET = utf8mb4 COLLATE = utf8mb4_general_ci ROW_FORMAT = Dynamic;

-- ----------------------------
-- Table structure for adventure_detail
-- ----------------------------
DROP TABLE IF EXISTS `adventure_detail`;
CREATE TABLE `adventure_detail`  (
  `id` bigint(20) UNSIGNED NOT NULL,
  `create_time` datetime(0) NOT NULL,
  `modified_time` datetime(0) NOT NULL,
  `adventure_id` bigint(20) UNSIGNED NOT NULL,
  `port_id` bigint(20) UNSIGNED NULL DEFAULT NULL,
  `area_id` bigint(20) UNSIGNED NULL DEFAULT NULL,
  `point` enum('PORT','YARD','TRADE','BAR','CITY','BATTLE') CHARACTER SET utf8mb4 COLLATE utf8mb4_general_ci NOT NULL,
  `seq` int(11) NOT NULL,
  `description` varchar(255) CHARACTER SET utf8mb4 COLLATE utf8mb4_general_ci NOT NULL,
  PRIMARY KEY (`id`) USING BTREE
) ENGINE = InnoDB CHARACTER SET = utf8mb4 COLLATE = utf8mb4_general_ci ROW_FORMAT = Dynamic;

-- ----------------------------
-- Table structure for area
-- ----------------------------
DROP TABLE IF EXISTS `area`;
CREATE TABLE `area`  (
  `id` bigint(20) UNSIGNED NOT NULL,
  `create_time` datetime(0) NOT NULL,
  `modified_time` datetime(0) NOT NULL,
  `name` varchar(255) CHARACTER SET utf8mb4 COLLATE utf8mb4_general_ci NOT NULL,
  `x` int(11) NOT NULL,
  `y` int(11) NOT NULL,
  `code` int(11) UNSIGNED NOT NULL,
  PRIMARY KEY (`id`) USING BTREE
) ENGINE = InnoDB CHARACTER SET = utf8mb4 COLLATE = utf8mb4_general_ci ROW_FORMAT = Dynamic;

-- ----------------------------
-- Records of area
-- ----------------------------
INSERT INTO `area` VALUES (1151740170834862082, '2019-12-29 12:00:00', '2019-12-29 12:00:00', '伊比利亞', 40, -5, 1001);
INSERT INTO `area` VALUES (1151740342830686210, '2019-12-29 12:00:00', '2019-12-29 12:00:00', '北歐', 56, 5, 1002);
INSERT INTO `area` VALUES (1151740344047034370, '2019-12-29 12:00:00', '2019-12-29 12:00:00', '地中海', 42, 15, 1003);
INSERT INTO `area` VALUES (1151740344525185026, '2019-12-29 12:00:00', '2019-12-29 12:00:00', '非洲', 0, 0, 1004);
INSERT INTO `area` VALUES (1151740345028501505, '2019-12-29 12:00:00', '2019-12-29 12:00:00', '中近東', 38, 27, 1005);
INSERT INTO `area` VALUES (1151740345636675586, '2019-12-29 12:00:00', '2019-12-29 12:00:00', '印度', 19, 77, 1006);
INSERT INTO `area` VALUES (1151740345909305346, '2019-12-29 12:00:00', '2019-12-29 12:00:00', '東南亞', 8, 109, 1007);
INSERT INTO `area` VALUES (1151740346270015489, '2019-12-29 12:00:00', '2019-12-29 12:00:00', '亞洲', 35, 125, 1008);
INSERT INTO `area` VALUES (1151740346714611714, '2019-12-29 12:00:00', '2019-12-29 12:00:00', '美洲', 5, -90, 1009);

-- ----------------------------
-- Table structure for area_adventure
-- ----------------------------
DROP TABLE IF EXISTS `area_adventure`;
CREATE TABLE `area_adventure`  (
  `id` bigint(20) UNSIGNED NOT NULL,
  `create_time` datetime(0) NOT NULL,
  `modified_time` datetime(0) NOT NULL,
  `area_id` bigint(20) UNSIGNED NOT NULL,
  `adventure_id` bigint(20) UNSIGNED NOT NULL,
  PRIMARY KEY (`id`) USING BTREE
) ENGINE = InnoDB CHARACTER SET = utf8mb4 COLLATE = utf8mb4_general_ci ROW_FORMAT = Dynamic;

-- ----------------------------
-- Records of area_adventure
-- ----------------------------
INSERT INTO `area_adventure` VALUES (1162644507393646594, '2019-12-29 12:00:00', '2019-12-29 12:00:00', 1151740170834862082, 1162644507313954817);

-- ----------------------------
-- Table structure for area_ship
-- ----------------------------
DROP TABLE IF EXISTS `area_ship`;
CREATE TABLE `area_ship`  (
  `id` bigint(20) UNSIGNED NOT NULL,
  `create_time` datetime(0) NOT NULL,
  `modified_time` datetime(0) NOT NULL,
  `area_id` bigint(20) UNSIGNED NOT NULL,
  `ship_id` bigint(20) UNSIGNED NOT NULL,
  PRIMARY KEY (`id`) USING BTREE
) ENGINE = InnoDB CHARACTER SET = utf8mb4 COLLATE = utf8mb4_general_ci ROW_FORMAT = Dynamic;

-- ----------------------------
-- Records of area_ship
-- ----------------------------
INSERT INTO `area_ship` VALUES (1151740170872610817, '2019-12-29 12:00:00', '2019-12-29 12:00:00', 1151740170834862082, 1151740170549649409);
INSERT INTO `area_ship` VALUES (1151740170885193730, '2019-12-29 12:00:00', '2019-12-29 12:00:00', 1151740170834862082, 1151740170599981058);
INSERT INTO `area_ship` VALUES (1151740170893582338, '2019-12-29 12:00:00', '2019-12-29 12:00:00', 1151740170834862082, 1151740170616758273);
INSERT INTO `area_ship` VALUES (1151740170906165249, '2019-12-29 12:00:00', '2019-12-29 12:00:00', 1151740170834862082, 1151740170625146882);
INSERT INTO `area_ship` VALUES (1151740170914553858, '2019-12-29 12:00:00', '2019-12-29 12:00:00', 1151740170834862082, 1151740170633535489);
INSERT INTO `area_ship` VALUES (1151740170918748161, '2019-12-29 12:00:00', '2019-12-29 12:00:00', 1151740170834862082, 1151740170641924098);
INSERT INTO `area_ship` VALUES (1151740170927136769, '2019-12-29 12:00:00', '2019-12-29 12:00:00', 1151740170834862082, 1151740170671284225);
INSERT INTO `area_ship` VALUES (1151740170935525378, '2019-12-29 12:00:00', '2019-12-29 12:00:00', 1151740170834862082, 1151740170683867138);
INSERT INTO `area_ship` VALUES (1151740170943913985, '2019-12-29 12:00:00', '2019-12-29 12:00:00', 1151740170834862082, 1151740170767753217);
INSERT INTO `area_ship` VALUES (1151740170952302594, '2019-12-29 12:00:00', '2019-12-29 12:00:00', 1151740170834862082, 1151740170776141825);
INSERT INTO `area_ship` VALUES (1151740170956496898, '2019-12-29 12:00:00', '2019-12-29 12:00:00', 1151740170834862082, 1151740170784530434);
INSERT INTO `area_ship` VALUES (1151740170969079809, '2019-12-29 12:00:00', '2019-12-29 12:00:00', 1151740170834862082, 1151740170805501953);
INSERT INTO `area_ship` VALUES (1151740342839074818, '2019-12-29 12:00:00', '2019-12-29 12:00:00', 1151740342830686210, 1151740170566426626);
INSERT INTO `area_ship` VALUES (1151740342847463425, '2019-12-29 12:00:00', '2019-12-29 12:00:00', 1151740342830686210, 1151740170608369666);
INSERT INTO `area_ship` VALUES (1151740342855852033, '2019-12-29 12:00:00', '2019-12-29 12:00:00', 1151740342830686210, 1151740170625146882);
INSERT INTO `area_ship` VALUES (1151740342864240642, '2019-12-29 12:00:00', '2019-12-29 12:00:00', 1151740342830686210, 1151740170641924098);
INSERT INTO `area_ship` VALUES (1151740342872629249, '2019-12-29 12:00:00', '2019-12-29 12:00:00', 1151740342830686210, 1151740170658701313);
INSERT INTO `area_ship` VALUES (1151740342881017857, '2019-12-29 12:00:00', '2019-12-29 12:00:00', 1151740342830686210, 1151740170671284225);
INSERT INTO `area_ship` VALUES (1151740342885212161, '2019-12-29 12:00:00', '2019-12-29 12:00:00', 1151740342830686210, 1151740170683867138);
INSERT INTO `area_ship` VALUES (1151740342893600769, '2019-12-29 12:00:00', '2019-12-29 12:00:00', 1151740342830686210, 1151740170700644354);
INSERT INTO `area_ship` VALUES (1151740342901989378, '2019-12-29 12:00:00', '2019-12-29 12:00:00', 1151740342830686210, 1151740170767753217);
INSERT INTO `area_ship` VALUES (1151740342910377985, '2019-12-29 12:00:00', '2019-12-29 12:00:00', 1151740342830686210, 1151740170776141825);
INSERT INTO `area_ship` VALUES (1151740342918766594, '2019-12-29 12:00:00', '2019-12-29 12:00:00', 1151740342830686210, 1151740170792919042);
INSERT INTO `area_ship` VALUES (1151740342927155201, '2019-12-29 12:00:00', '2019-12-29 12:00:00', 1151740342830686210, 1151740170805501953);
INSERT INTO `area_ship` VALUES (1151740344055422978, '2019-12-29 12:00:00', '2019-12-29 12:00:00', 1151740344047034370, 1151740170583203842);
INSERT INTO `area_ship` VALUES (1151740344063811586, '2019-12-29 12:00:00', '2019-12-29 12:00:00', 1151740344047034370, 1151740170591592450);
INSERT INTO `area_ship` VALUES (1151740344072200193, '2019-12-29 12:00:00', '2019-12-29 12:00:00', 1151740344047034370, 1151740170599981058);
INSERT INTO `area_ship` VALUES (1151740344080588802, '2019-12-29 12:00:00', '2019-12-29 12:00:00', 1151740344047034370, 1151740170625146882);
INSERT INTO `area_ship` VALUES (1151740344088977409, '2019-12-29 12:00:00', '2019-12-29 12:00:00', 1151740344047034370, 1151740170633535489);
INSERT INTO `area_ship` VALUES (1151740344097366017, '2019-12-29 12:00:00', '2019-12-29 12:00:00', 1151740344047034370, 1151740170671284225);
INSERT INTO `area_ship` VALUES (1151740344105754625, '2019-12-29 12:00:00', '2019-12-29 12:00:00', 1151740344047034370, 1151740170683867138);
INSERT INTO `area_ship` VALUES (1151740344114143234, '2019-12-29 12:00:00', '2019-12-29 12:00:00', 1151740344047034370, 1151740170692255746);
INSERT INTO `area_ship` VALUES (1151740344122531841, '2019-12-29 12:00:00', '2019-12-29 12:00:00', 1151740344047034370, 1151740170776141825);
INSERT INTO `area_ship` VALUES (1151740344130920449, '2019-12-29 12:00:00', '2019-12-29 12:00:00', 1151740344047034370, 1151740170797113346);
INSERT INTO `area_ship` VALUES (1151740344533573633, '2019-12-29 12:00:00', '2019-12-29 12:00:00', 1151740344525185026, 1151740170608369666);
INSERT INTO `area_ship` VALUES (1151740344537767937, '2019-12-29 12:00:00', '2019-12-29 12:00:00', 1151740344525185026, 1151740170625146882);
INSERT INTO `area_ship` VALUES (1151740344546156546, '2019-12-29 12:00:00', '2019-12-29 12:00:00', 1151740344525185026, 1151740170633535489);
INSERT INTO `area_ship` VALUES (1151740344550350849, '2019-12-29 12:00:00', '2019-12-29 12:00:00', 1151740344525185026, 1151740170671284225);
INSERT INTO `area_ship` VALUES (1151740345032695809, '2019-12-29 12:00:00', '2019-12-29 12:00:00', 1151740345028501505, 1151740170574815234);
INSERT INTO `area_ship` VALUES (1151740345041084417, '2019-12-29 12:00:00', '2019-12-29 12:00:00', 1151740345028501505, 1151740170599981058);
INSERT INTO `area_ship` VALUES (1151740345045278721, '2019-12-29 12:00:00', '2019-12-29 12:00:00', 1151740345028501505, 1151740170625146882);
INSERT INTO `area_ship` VALUES (1151740345049473025, '2019-12-29 12:00:00', '2019-12-29 12:00:00', 1151740345028501505, 1151740170633535489);
INSERT INTO `area_ship` VALUES (1151740345053667329, '2019-12-29 12:00:00', '2019-12-29 12:00:00', 1151740345028501505, 1151740170650312705);
INSERT INTO `area_ship` VALUES (1151740345057861634, '2019-12-29 12:00:00', '2019-12-29 12:00:00', 1151740345028501505, 1151740170671284225);
INSERT INTO `area_ship` VALUES (1151740345066250242, '2019-12-29 12:00:00', '2019-12-29 12:00:00', 1151740345028501505, 1151740170683867138);
INSERT INTO `area_ship` VALUES (1151740345070444546, '2019-12-29 12:00:00', '2019-12-29 12:00:00', 1151740345028501505, 1151740170692255746);
INSERT INTO `area_ship` VALUES (1151740345645064193, '2019-12-29 12:00:00', '2019-12-29 12:00:00', 1151740345636675586, 1151740170574815234);
INSERT INTO `area_ship` VALUES (1151740345649258498, '2019-12-29 12:00:00', '2019-12-29 12:00:00', 1151740345636675586, 1151740170650312705);
INSERT INTO `area_ship` VALUES (1151740345657647106, '2019-12-29 12:00:00', '2019-12-29 12:00:00', 1151740345636675586, 1151740170671284225);
INSERT INTO `area_ship` VALUES (1151740345913499649, '2019-12-29 12:00:00', '2019-12-29 12:00:00', 1151740345909305346, 1151740170658701313);
INSERT INTO `area_ship` VALUES (1151740345917693954, '2019-12-29 12:00:00', '2019-12-29 12:00:00', 1151740345909305346, 1151740170671284225);
INSERT INTO `area_ship` VALUES (1151740346718806018, '2019-12-29 12:00:00', '2019-12-29 12:00:00', 1151740346714611714, 1151740170616758273);
INSERT INTO `area_ship` VALUES (1151740346723000321, '2019-12-29 12:00:00', '2019-12-29 12:00:00', 1151740346714611714, 1151740170625146882);
INSERT INTO `area_ship` VALUES (1151740346727194626, '2019-12-29 12:00:00', '2019-12-29 12:00:00', 1151740346714611714, 1151740170633535489);
INSERT INTO `area_ship` VALUES (1151740346731388930, '2019-12-29 12:00:00', '2019-12-29 12:00:00', 1151740346714611714, 1151740170641924098);
INSERT INTO `area_ship` VALUES (1151740346735583233, '2019-12-29 12:00:00', '2019-12-29 12:00:00', 1151740346714611714, 1151740170658701313);
INSERT INTO `area_ship` VALUES (1151740346739777538, '2019-12-29 12:00:00', '2019-12-29 12:00:00', 1151740346714611714, 1151740170671284225);

-- ----------------------------
-- Table structure for chat_record
-- ----------------------------
DROP TABLE IF EXISTS `chat_record`;
CREATE TABLE `chat_record`  (
  `id` bigint(20) UNSIGNED NOT NULL,
  `modified_time` datetime(0) NOT NULL DEFAULT CURRENT_TIMESTAMP ON UPDATE CURRENT_TIMESTAMP(0),
  `create_time` datetime(0) NOT NULL DEFAULT CURRENT_TIMESTAMP,
  `user_id` bigint(20) UNSIGNED NOT NULL,
  `content` varchar(255) CHARACTER SET utf8mb4 COLLATE utf8mb4_general_ci NOT NULL DEFAULT '',
  PRIMARY KEY (`id`) USING BTREE
) ENGINE = InnoDB CHARACTER SET = utf8mb4 COLLATE = utf8mb4_general_ci ROW_FORMAT = Dynamic;

-- ----------------------------
-- Table structure for event_record
-- ----------------------------
DROP TABLE IF EXISTS `event_record`;
CREATE TABLE `event_record`  (
  `id` bigint(20) UNSIGNED NOT NULL,
  `modified_time` datetime(0) NOT NULL DEFAULT CURRENT_TIMESTAMP ON UPDATE CURRENT_TIMESTAMP(0),
  `create_time` datetime(0) NOT NULL DEFAULT CURRENT_TIMESTAMP,
  `description` varchar(4096) CHARACTER SET utf8mb4 COLLATE utf8mb4_general_ci NOT NULL DEFAULT '',
  PRIMARY KEY (`id`) USING BTREE
) ENGINE = InnoDB CHARACTER SET = utf8mb4 COLLATE = utf8mb4_general_ci ROW_FORMAT = Dynamic;

-- ----------------------------
-- Table structure for goods
-- ----------------------------
DROP TABLE IF EXISTS `goods`;
CREATE TABLE `goods`  (
  `id` bigint(20) UNSIGNED NOT NULL,
  `create_time` datetime(0) NOT NULL,
  `modified_time` datetime(0) NOT NULL,
  `name` varchar(255) CHARACTER SET utf8mb4 COLLATE utf8mb4_general_ci NOT NULL,
  `price` int(11) NOT NULL,
  PRIMARY KEY (`id`) USING BTREE
) ENGINE = InnoDB CHARACTER SET = utf8mb4 COLLATE = utf8mb4_general_ci ROW_FORMAT = Dynamic;

-- ----------------------------
-- Records of goods
-- ----------------------------
INSERT INTO `goods` VALUES (1151740169761120258, '2019-12-29 12:00:00', '2019-12-29 12:00:00', '橄欖油', 150);
INSERT INTO `goods` VALUES (1151740169907920897, '2019-12-29 12:00:00', '2019-12-29 12:00:00', '玻璃', 200);
INSERT INTO `goods` VALUES (1151740169920503810, '2019-12-29 12:00:00', '2019-12-29 12:00:00', '咖啡', 70);
INSERT INTO `goods` VALUES (1151740169928892418, '2019-12-29 12:00:00', '2019-12-29 12:00:00', '白蘭地', 100);
INSERT INTO `goods` VALUES (1151740169937281026, '2019-12-29 12:00:00', '2019-12-29 12:00:00', '椰子油', 50);
INSERT INTO `goods` VALUES (1151740169945669633, '2019-12-29 12:00:00', '2019-12-29 12:00:00', '亞麻布', 200);
INSERT INTO `goods` VALUES (1151740169954058242, '2019-12-29 12:00:00', '2019-12-29 12:00:00', '葡萄酒', 150);
INSERT INTO `goods` VALUES (1151740169962446849, '2019-12-29 12:00:00', '2019-12-29 12:00:00', '皮製品', 150);
INSERT INTO `goods` VALUES (1151740169970835457, '2019-12-29 12:00:00', '2019-12-29 12:00:00', '岩鹽', 80);
INSERT INTO `goods` VALUES (1151740169979224066, '2019-12-29 12:00:00', '2019-12-29 12:00:00', '牛肉', 120);
INSERT INTO `goods` VALUES (1151740169987612674, '2019-12-29 12:00:00', '2019-12-29 12:00:00', '魚肉', 60);
INSERT INTO `goods` VALUES (1151740169996001281, '2019-12-29 12:00:00', '2019-12-29 12:00:00', '金', 300);
INSERT INTO `goods` VALUES (1151740170008584194, '2019-12-29 12:00:00', '2019-12-29 12:00:00', '銀', 200);
INSERT INTO `goods` VALUES (1151740170016972802, '2019-12-29 12:00:00', '2019-12-29 12:00:00', '絲織品', 150);
INSERT INTO `goods` VALUES (1151740170029555714, '2019-12-29 12:00:00', '2019-12-29 12:00:00', '砂糖', 70);
INSERT INTO `goods` VALUES (1151740170042138626, '2019-12-29 12:00:00', '2019-12-29 12:00:00', '犀角', 200);
INSERT INTO `goods` VALUES (1151740170050527233, '2019-12-29 12:00:00', '2019-12-29 12:00:00', '珊瑚', 50);
INSERT INTO `goods` VALUES (1151740170058915841, '2019-12-29 12:00:00', '2019-12-29 12:00:00', '錫礦石', 120);
INSERT INTO `goods` VALUES (1151740170067304449, '2019-12-29 12:00:00', '2019-12-29 12:00:00', '小麥', 40);
INSERT INTO `goods` VALUES (1151740170079887362, '2019-12-29 12:00:00', '2019-12-29 12:00:00', '象牙', 220);
INSERT INTO `goods` VALUES (1151740170088275970, '2019-12-29 12:00:00', '2019-12-29 12:00:00', '煤', 200);
INSERT INTO `goods` VALUES (1151740170096664578, '2019-12-29 12:00:00', '2019-12-29 12:00:00', '染料', 200);
INSERT INTO `goods` VALUES (1151740170105053186, '2019-12-29 12:00:00', '2019-12-29 12:00:00', '大砲', 400);
INSERT INTO `goods` VALUES (1151740170113441793, '2019-12-29 12:00:00', '2019-12-29 12:00:00', '鐵礦石', 150);
INSERT INTO `goods` VALUES (1151740170121830402, '2019-12-29 12:00:00', '2019-12-29 12:00:00', '洋槍', 140);
INSERT INTO `goods` VALUES (1151740170134413313, '2019-12-29 12:00:00', '2019-12-29 12:00:00', '銅礦石', 180);
INSERT INTO `goods` VALUES (1151740170163773442, '2019-12-29 12:00:00', '2019-12-29 12:00:00', '乳香', 90);
INSERT INTO `goods` VALUES (1151740170176356354, '2019-12-29 12:00:00', '2019-12-29 12:00:00', '乳製品', 120);
INSERT INTO `goods` VALUES (1151740170188939266, '2019-12-29 12:00:00', '2019-12-29 12:00:00', '馬', 150);
INSERT INTO `goods` VALUES (1151740170201522177, '2019-12-29 12:00:00', '2019-12-29 12:00:00', '皮革', 60);
INSERT INTO `goods` VALUES (1151740170209910786, '2019-12-29 12:00:00', '2019-12-29 12:00:00', '美術品', 100);
INSERT INTO `goods` VALUES (1151740170222493698, '2019-12-29 12:00:00', '2019-12-29 12:00:00', '蜂蜜', 250);
INSERT INTO `goods` VALUES (1151740170230882306, '2019-12-29 12:00:00', '2019-12-29 12:00:00', '棉織品', 230);
INSERT INTO `goods` VALUES (1151740170243465218, '2019-12-29 12:00:00', '2019-12-29 12:00:00', '紡織品', 200);
INSERT INTO `goods` VALUES (1151740170251853825, '2019-12-29 12:00:00', '2019-12-29 12:00:00', '毛皮', 160);
INSERT INTO `goods` VALUES (1151740170260242434, '2019-12-29 12:00:00', '2019-12-29 12:00:00', '木材', 60);
INSERT INTO `goods` VALUES (1151740170277019649, '2019-12-29 12:00:00', '2019-12-29 12:00:00', '羊毛', 150);
INSERT INTO `goods` VALUES (1151740170285408258, '2019-12-29 12:00:00', '2019-12-29 12:00:00', '琥珀', 200);
INSERT INTO `goods` VALUES (1151740170297991170, '2019-12-29 12:00:00', '2019-12-29 12:00:00', '棉花', 160);
INSERT INTO `goods` VALUES (1151740170306379778, '2019-12-29 12:00:00', '2019-12-29 12:00:00', '龍涎香', 140);
INSERT INTO `goods` VALUES (1151740170314768385, '2019-12-29 12:00:00', '2019-12-29 12:00:00', '麻', 150);
INSERT INTO `goods` VALUES (1151740170327351297, '2019-12-29 12:00:00', '2019-12-29 12:00:00', '裝飾品', 250);
INSERT INTO `goods` VALUES (1151740170335739905, '2019-12-29 12:00:00', '2019-12-29 12:00:00', '大豆', 140);
INSERT INTO `goods` VALUES (1151740170344128514, '2019-12-29 12:00:00', '2019-12-29 12:00:00', '萊姆酒', 140);
INSERT INTO `goods` VALUES (1151740170352517122, '2019-12-29 12:00:00', '2019-12-29 12:00:00', '胡椒', 150);
INSERT INTO `goods` VALUES (1151740170360905729, '2019-12-29 12:00:00', '2019-12-29 12:00:00', '古董品', 170);
INSERT INTO `goods` VALUES (1151740170369294337, '2019-12-29 12:00:00', '2019-12-29 12:00:00', '地毯', 300);
INSERT INTO `goods` VALUES (1151740170381877250, '2019-12-29 12:00:00', '2019-12-29 12:00:00', '寶石', 220);
INSERT INTO `goods` VALUES (1151740170386071554, '2019-12-29 12:00:00', '2019-12-29 12:00:00', '肉荳蔻', 110);
INSERT INTO `goods` VALUES (1151740170394460162, '2019-12-29 12:00:00', '2019-12-29 12:00:00', '肉桂', 130);
INSERT INTO `goods` VALUES (1151740170402848769, '2019-12-29 12:00:00', '2019-12-29 12:00:00', '生薑', 100);
INSERT INTO `goods` VALUES (1151740170415431682, '2019-12-29 12:00:00', '2019-12-29 12:00:00', '麝香', 100);
INSERT INTO `goods` VALUES (1151740170423820289, '2019-12-29 12:00:00', '2019-12-29 12:00:00', '印花布', 350);
INSERT INTO `goods` VALUES (1151740170432208897, '2019-12-29 12:00:00', '2019-12-29 12:00:00', '米', 180);
INSERT INTO `goods` VALUES (1151740170444791809, '2019-12-29 12:00:00', '2019-12-29 12:00:00', '翡翠', 100);
INSERT INTO `goods` VALUES (1151740170448986114, '2019-12-29 12:00:00', '2019-12-29 12:00:00', '玳瑁', 100);
INSERT INTO `goods` VALUES (1151740170457374721, '2019-12-29 12:00:00', '2019-12-29 12:00:00', '藥材', 200);
INSERT INTO `goods` VALUES (1151740170465763329, '2019-12-29 12:00:00', '2019-12-29 12:00:00', '珍珠', 120);
INSERT INTO `goods` VALUES (1151740170474151937, '2019-12-29 12:00:00', '2019-12-29 12:00:00', '陶瓷器', 150);
INSERT INTO `goods` VALUES (1151740170482540546, '2019-12-29 12:00:00', '2019-12-29 12:00:00', '茶', 85);
INSERT INTO `goods` VALUES (1151740170490929154, '2019-12-29 12:00:00', '2019-12-29 12:00:00', '香煙', 40);
INSERT INTO `goods` VALUES (1151740170499317761, '2019-12-29 12:00:00', '2019-12-29 12:00:00', '玉米', 40);
INSERT INTO `goods` VALUES (1151740170507706369, '2019-12-29 12:00:00', '2019-12-29 12:00:00', '可可粉', 50);
INSERT INTO `goods` VALUES (1151740170516094977, '2019-12-29 12:00:00', '2019-12-29 12:00:00', '檀香', 120);

-- ----------------------------
-- Table structure for item
-- ----------------------------
DROP TABLE IF EXISTS `item`;
CREATE TABLE `item`  (
  `id` bigint(20) UNSIGNED NOT NULL,
  `create_time` datetime(0) NOT NULL,
  `modified_time` datetime(0) NOT NULL,
  `name` varchar(255) CHARACTER SET utf8mb4 COLLATE utf8mb4_general_ci NOT NULL,
  `is_save_food` tinyint(1) NOT NULL,
  `is_attack_up` tinyint(1) NOT NULL,
  `is_avoid_attack` tinyint(1) NOT NULL,
  `is_shield` tinyint(1) NOT NULL,
  `is_item_protect` tinyint(1) NOT NULL,
  PRIMARY KEY (`id`) USING BTREE
) ENGINE = InnoDB CHARACTER SET = utf8mb4 COLLATE = utf8mb4_general_ci ROW_FORMAT = Dynamic;

-- ----------------------------
-- Table structure for port
-- ----------------------------
DROP TABLE IF EXISTS `port`;
CREATE TABLE `port`  (
  `id` bigint(20) UNSIGNED NOT NULL,
  `area_id` bigint(20) UNSIGNED NOT NULL,
  `create_time` datetime(0) NOT NULL,
  `modified_time` datetime(0) NOT NULL,
  `name` varchar(255) CHARACTER SET utf8mb4 COLLATE utf8mb4_general_ci NOT NULL,
  `x` int(11) NOT NULL,
  `y` int(11) NOT NULL,
  `price_index` decimal(11, 8) NOT NULL,
  `is_birthplace` tinyint(1) UNSIGNED NOT NULL,
  `code` int(11) UNSIGNED NOT NULL,
  PRIMARY KEY (`id`) USING BTREE
) ENGINE = InnoDB CHARACTER SET = utf8mb4 COLLATE = utf8mb4_general_ci ROW_FORMAT = Dynamic;

-- ----------------------------
-- Records of port
-- ----------------------------
INSERT INTO `port` VALUES (1151740170994245633, 1151740170834862082, '2019-12-29 12:00:00', '2019-12-29 12:00:00', '里斯本', 38, -9, 1.00000000, 1, 1);
INSERT INTO `port` VALUES (1151740342310592513, 1151740170834862082, '2019-12-29 12:00:00', '2019-12-29 12:00:00', '波爾圖', 41, -8, 1.00000000, 0, 2);
INSERT INTO `port` VALUES (1151740342356729857, 1151740170834862082, '2019-12-29 12:00:00', '2019-12-29 12:00:00', '拉科魯尼亞', 43, -8, 1.00000000, 0, 3);
INSERT INTO `port` VALUES (1151740342415450113, 1151740170834862082, '2019-12-29 12:00:00', '2019-12-29 12:00:00', '畢爾巴鄂', 43, -3, 1.00000000, 0, 4);
INSERT INTO `port` VALUES (1151740342465781762, 1151740170834862082, '2019-12-29 12:00:00', '2019-12-29 12:00:00', '塞維利亞', 37, -6, 1.00000000, 0, 5);
INSERT INTO `port` VALUES (1151740342528696322, 1151740170834862082, '2019-12-29 12:00:00', '2019-12-29 12:00:00', '加的斯', 36, -6, 1.00000000, 0, 6);
INSERT INTO `port` VALUES (1151740342579027969, 1151740170834862082, '2019-12-29 12:00:00', '2019-12-29 12:00:00', '巴倫西亞', 39, 0, 1.00000000, 0, 7);
INSERT INTO `port` VALUES (1151740342625165314, 1151740170834862082, '2019-12-29 12:00:00', '2019-12-29 12:00:00', '巴塞羅那', 41, 2, 1.00000000, 0, 8);
INSERT INTO `port` VALUES (1151740342679691265, 1151740170834862082, '2019-12-29 12:00:00', '2019-12-29 12:00:00', '馬略卡', 39, 2, 1.00000000, 0, 9);
INSERT INTO `port` VALUES (1151740342721634305, 1151740170834862082, '2019-12-29 12:00:00', '2019-12-29 12:00:00', '馬拉加', 36, -4, 1.00000000, 0, 63);
INSERT INTO `port` VALUES (1151740342763577346, 1151740170834862082, '2019-12-29 12:00:00', '2019-12-29 12:00:00', '休答', 35, -5, 1.00000000, 0, 64);
INSERT INTO `port` VALUES (1151740342797131778, 1151740170834862082, '2019-12-29 12:00:00', '2019-12-29 12:00:00', '卡薩布蘭卡', 33, -8, 1.00000000, 0, 65);
INSERT INTO `port` VALUES (1151740342935543810, 1151740342830686210, '2019-12-29 12:00:00', '2019-12-29 12:00:00', '里昂', 49, 0, 1.00000000, 0, 10);
INSERT INTO `port` VALUES (1151740342981681153, 1151740342830686210, '2019-12-29 12:00:00', '2019-12-29 12:00:00', '南特', 47, -2, 1.00000000, 0, 11);
INSERT INTO `port` VALUES (1151740343040401409, 1151740342830686210, '2019-12-29 12:00:00', '2019-12-29 12:00:00', '波爾多', 45, -1, 1.00000000, 0, 12);
INSERT INTO `port` VALUES (1151740343086538753, 1151740342830686210, '2019-12-29 12:00:00', '2019-12-29 12:00:00', '布魯斯', 51, 3, 1.00000000, 0, 13);
INSERT INTO `port` VALUES (1151740343128481794, 1151740342830686210, '2019-12-29 12:00:00', '2019-12-29 12:00:00', '安特衛普', 52, 4, 1.00000000, 0, 14);
INSERT INTO `port` VALUES (1151740343166230529, 1151740342830686210, '2019-12-29 12:00:00', '2019-12-29 12:00:00', '阿姆斯特丹', 52, 3, 1.00000000, 0, 15);
INSERT INTO `port` VALUES (1151740343241728001, 1151740342830686210, '2019-12-29 12:00:00', '2019-12-29 12:00:00', '倫敦', 51, 0, 1.00000000, 0, 16);
INSERT INTO `port` VALUES (1151740343313031170, 1151740342830686210, '2019-12-29 12:00:00', '2019-12-29 12:00:00', '南安普敦', 51, -1, 1.00000000, 0, 17);
INSERT INTO `port` VALUES (1151740343346585601, 1151740342830686210, '2019-12-29 12:00:00', '2019-12-29 12:00:00', '布里斯托', 51, -3, 1.00000000, 0, 18);
INSERT INTO `port` VALUES (1151740343380140034, 1151740342830686210, '2019-12-29 12:00:00', '2019-12-29 12:00:00', '愛丁堡', 56, -2, 1.00000000, 0, 19);
INSERT INTO `port` VALUES (1151740343413694465, 1151740342830686210, '2019-12-29 12:00:00', '2019-12-29 12:00:00', '都柏林', 53, -6, 1.00000000, 0, 20);
INSERT INTO `port` VALUES (1151740343443054594, 1151740342830686210, '2019-12-29 12:00:00', '2019-12-29 12:00:00', '漢堡', 53, 9, 1.00000000, 0, 21);
INSERT INTO `port` VALUES (1151740343484997634, 1151740342830686210, '2019-12-29 12:00:00', '2019-12-29 12:00:00', '盧比克', 54, 10, 1.00000000, 0, 22);
INSERT INTO `port` VALUES (1151740343526940674, 1151740342830686210, '2019-12-29 12:00:00', '2019-12-29 12:00:00', '不來梅', 53, 8, 1.00000000, 0, 23);
INSERT INTO `port` VALUES (1151740343568883714, 1151740342830686210, '2019-12-29 12:00:00', '2019-12-29 12:00:00', '但澤', 54, 18, 1.00000000, 0, 24);
INSERT INTO `port` VALUES (1151740343661158402, 1151740342830686210, '2019-12-29 12:00:00', '2019-12-29 12:00:00', '科尼斯柏', 54, 19, 1.00000000, 0, 25);
INSERT INTO `port` VALUES (1151740343707295745, 1151740342830686210, '2019-12-29 12:00:00', '2019-12-29 12:00:00', '里加', 57, 23, 1.00000000, 0, 26);
INSERT INTO `port` VALUES (1151740343753433089, 1151740342830686210, '2019-12-29 12:00:00', '2019-12-29 12:00:00', '斯德哥爾摩', 59, 18, 1.00000000, 0, 27);
INSERT INTO `port` VALUES (1151740343837319169, 1151740342830686210, '2019-12-29 12:00:00', '2019-12-29 12:00:00', '維斯比', 57, 18, 1.00000000, 0, 28);
INSERT INTO `port` VALUES (1151740343866679297, 1151740342830686210, '2019-12-29 12:00:00', '2019-12-29 12:00:00', '哥本哈根', 55, 12, 1.00000000, 0, 29);
INSERT INTO `port` VALUES (1151740343912816642, 1151740342830686210, '2019-12-29 12:00:00', '2019-12-29 12:00:00', '奧斯陸', 59, 10, 1.00000000, 0, 30);
INSERT INTO `port` VALUES (1151740344030257153, 1151740342830686210, '2019-12-29 12:00:00', '2019-12-29 12:00:00', '卑爾根', 60, 4, 1.00000000, 0, 31);
INSERT INTO `port` VALUES (1151740344139309058, 1151740344047034370, '2019-12-29 12:00:00', '2019-12-29 12:00:00', '馬賽', 43, 5, 1.00000000, 0, 32);
INSERT INTO `port` VALUES (1151740344193835009, 1151740344047034370, '2019-12-29 12:00:00', '2019-12-29 12:00:00', '熱那亞', 44, 8, 1.00000000, 0, 33);
INSERT INTO `port` VALUES (1151740344239972353, 1151740344047034370, '2019-12-29 12:00:00', '2019-12-29 12:00:00', '威尼斯', 45, 12, 1.00000000, 1, 34);
INSERT INTO `port` VALUES (1151740344273526785, 1151740344047034370, '2019-12-29 12:00:00', '2019-12-29 12:00:00', '比薩', 43, 10, 1.00000000, 0, 35);
INSERT INTO `port` VALUES (1151740344307081218, 1151740344047034370, '2019-12-29 12:00:00', '2019-12-29 12:00:00', '安科那', 43, 13, 1.00000000, 0, 36);
INSERT INTO `port` VALUES (1151740344340635650, 1151740344047034370, '2019-12-29 12:00:00', '2019-12-29 12:00:00', '拿坡里', 41, 14, 1.00000000, 0, 37);
INSERT INTO `port` VALUES (1151740344365801474, 1151740344047034370, '2019-12-29 12:00:00', '2019-12-29 12:00:00', '卡利亞里', 39, 9, 1.00000000, 0, 38);
INSERT INTO `port` VALUES (1151740344395161601, 1151740344047034370, '2019-12-29 12:00:00', '2019-12-29 12:00:00', '巴勒摩', 38, 13, 1.00000000, 0, 39);
INSERT INTO `port` VALUES (1151740344420327425, 1151740344047034370, '2019-12-29 12:00:00', '2019-12-29 12:00:00', '夕拉庫沙', 37, 15, 1.00000000, 0, 40);
INSERT INTO `port` VALUES (1151740344445493249, 1151740344047034370, '2019-12-29 12:00:00', '2019-12-29 12:00:00', '拉古沙', 42, 17, 1.00000000, 0, 41);
INSERT INTO `port` VALUES (1151740344470659073, 1151740344047034370, '2019-12-29 12:00:00', '2019-12-29 12:00:00', '干地亞', 35, 25, 1.00000000, 0, 42);
INSERT INTO `port` VALUES (1151740344487436289, 1151740344047034370, '2019-12-29 12:00:00', '2019-12-29 12:00:00', '法馬哥斯塔', 35, 33, 1.00000000, 0, 43);
INSERT INTO `port` VALUES (1151740344504213506, 1151740344047034370, '2019-12-29 12:00:00', '2019-12-29 12:00:00', '康士坦沙', 44, 30, 1.00000000, 0, 44);
INSERT INTO `port` VALUES (1151740344558739458, 1151740344525185026, '2019-12-29 12:00:00', '2019-12-29 12:00:00', '亞速', 38, -28, 1.00000000, 0, 45);
INSERT INTO `port` VALUES (1151740344571322369, 1151740344525185026, '2019-12-29 12:00:00', '2019-12-29 12:00:00', '馬迪拉', 32, -16, 1.00000000, 0, 46);
INSERT INTO `port` VALUES (1151740344596488193, 1151740344525185026, '2019-12-29 12:00:00', '2019-12-29 12:00:00', '拉斯帕瑪斯', 28, -15, 1.00000000, 0, 47);
INSERT INTO `port` VALUES (1151740344613265409, 1151740344525185026, '2019-12-29 12:00:00', '2019-12-29 12:00:00', '愛恩', 27, -13, 1.00000000, 0, 48);
INSERT INTO `port` VALUES (1151740344638431233, 1151740344525185026, '2019-12-29 12:00:00', '2019-12-29 12:00:00', '維德角', 14, -17, 1.00000000, 0, 49);
INSERT INTO `port` VALUES (1151740344663597057, 1151740344525185026, '2019-12-29 12:00:00', '2019-12-29 12:00:00', '獅子山', 8, -13, 1.00000000, 0, 50);
INSERT INTO `port` VALUES (1151740344692957185, 1151740344525185026, '2019-12-29 12:00:00', '2019-12-29 12:00:00', '聖喬治', 5, 0, 1.00000000, 1, 51);
INSERT INTO `port` VALUES (1151740344726511617, 1151740344525185026, '2019-12-29 12:00:00', '2019-12-29 12:00:00', '意菲', 6, 3, 1.00000000, 0, 52);
INSERT INTO `port` VALUES (1151740344751677442, 1151740344525185026, '2019-12-29 12:00:00', '2019-12-29 12:00:00', '聖多美', 0, 6, 1.00000000, 0, 53);
INSERT INTO `port` VALUES (1151740344789426178, 1151740344525185026, '2019-12-29 12:00:00', '2019-12-29 12:00:00', '盧安達', -8, 13, 1.00000000, 0, 54);
INSERT INTO `port` VALUES (1151740344827174914, 1151740344525185026, '2019-12-29 12:00:00', '2019-12-29 12:00:00', '開普', -33, 18, 1.00000000, 0, 55);
INSERT INTO `port` VALUES (1151740344852340738, 1151740344525185026, '2019-12-29 12:00:00', '2019-12-29 12:00:00', '索法拉', -19, 34, 1.00000000, 0, 56);
INSERT INTO `port` VALUES (1151740344864923650, 1151740344525185026, '2019-12-29 12:00:00', '2019-12-29 12:00:00', '莫三比克', -15, 40, 1.00000000, 0, 57);
INSERT INTO `port` VALUES (1151740344894283778, 1151740344525185026, '2019-12-29 12:00:00', '2019-12-29 12:00:00', '基盧瓦', -8, 39, 1.00000000, 0, 58);
INSERT INTO `port` VALUES (1151740344923643906, 1151740344525185026, '2019-12-29 12:00:00', '2019-12-29 12:00:00', '桑給巴爾', -7, 39, 1.00000000, 0, 59);
INSERT INTO `port` VALUES (1151740344953004034, 1151740344525185026, '2019-12-29 12:00:00', '2019-12-29 12:00:00', '蒙巴沙', -4, 39, 1.00000000, 0, 60);
INSERT INTO `port` VALUES (1151740344982364162, 1151740344525185026, '2019-12-29 12:00:00', '2019-12-29 12:00:00', '馬林迪', -2, 40, 1.00000000, 0, 61);
INSERT INTO `port` VALUES (1151740345007529985, 1151740344525185026, '2019-12-29 12:00:00', '2019-12-29 12:00:00', '摩加迪休', 2, 44, 1.00000000, 0, 62);
INSERT INTO `port` VALUES (1151740345074638850, 1151740345028501505, '2019-12-29 12:00:00', '2019-12-29 12:00:00', '雅典', 38, 23, 1.00000000, 0, 66);
INSERT INTO `port` VALUES (1151740345095610369, 1151740345028501505, '2019-12-29 12:00:00', '2019-12-29 12:00:00', '薩洛尼卡', 40, 23, 1.00000000, 0, 67);
INSERT INTO `port` VALUES (1151740345120776193, 1151740345028501505, '2019-12-29 12:00:00', '2019-12-29 12:00:00', '瓦爾納', 42, 29, 1.00000000, 0, 68);
INSERT INTO `port` VALUES (1151740345145942017, 1151740345028501505, '2019-12-29 12:00:00', '2019-12-29 12:00:00', '亞歷山卓', 31, 30, 1.00000000, 0, 69);
INSERT INTO `port` VALUES (1151740345179496450, 1151740345028501505, '2019-12-29 12:00:00', '2019-12-29 12:00:00', '的黎波里', 32, 13, 1.00000000, 0, 70);
INSERT INTO `port` VALUES (1151740345204662273, 1151740345028501505, '2019-12-29 12:00:00', '2019-12-29 12:00:00', '突尼斯', 37, 10, 1.00000000, 0, 71);
INSERT INTO `port` VALUES (1151740345234022402, 1151740345028501505, '2019-12-29 12:00:00', '2019-12-29 12:00:00', '阿爾及爾', 37, 4, 1.00000000, 0, 72);
INSERT INTO `port` VALUES (1151740345259188226, 1151740345028501505, '2019-12-29 12:00:00', '2019-12-29 12:00:00', '伊斯坦堡', 41, 29, 1.00000000, 0, 73);
INSERT INTO `port` VALUES (1151740345301131265, 1151740345028501505, '2019-12-29 12:00:00', '2019-12-29 12:00:00', '卡法', 42, 35, 1.00000000, 0, 74);
INSERT INTO `port` VALUES (1151740345326297090, 1151740345028501505, '2019-12-29 12:00:00', '2019-12-29 12:00:00', '塔納', 44, 38, 1.00000000, 0, 75);
INSERT INTO `port` VALUES (1151740345351462914, 1151740345028501505, '2019-12-29 12:00:00', '2019-12-29 12:00:00', '錫諾普', 39, 34, 1.00000000, 0, 76);
INSERT INTO `port` VALUES (1151740345376628738, 1151740345028501505, '2019-12-29 12:00:00', '2019-12-29 12:00:00', '特拉布宗', 38, 38, 1.00000000, 0, 77);
INSERT INTO `port` VALUES (1151740345405988865, 1151740345028501505, '2019-12-29 12:00:00', '2019-12-29 12:00:00', '安條克', 36, 35, 1.00000000, 0, 78);
INSERT INTO `port` VALUES (1151740345435348993, 1151740345028501505, '2019-12-29 12:00:00', '2019-12-29 12:00:00', '貝魯特', 34, 35, 1.00000000, 0, 79);
INSERT INTO `port` VALUES (1151740345468903426, 1151740345028501505, '2019-12-29 12:00:00', '2019-12-29 12:00:00', '亞丁', 13, 45, 1.00000000, 0, 80);
INSERT INTO `port` VALUES (1151740345519235074, 1151740345028501505, '2019-12-29 12:00:00', '2019-12-29 12:00:00', '馬斯喀特', 23, 58, 1.00000000, 0, 81);
INSERT INTO `port` VALUES (1151740345552789505, 1151740345028501505, '2019-12-29 12:00:00', '2019-12-29 12:00:00', '巴士拉', 30, 48, 1.00000000, 0, 82);
INSERT INTO `port` VALUES (1151740345598926850, 1151740345028501505, '2019-12-29 12:00:00', '2019-12-29 12:00:00', '霍爾姆斯', 27, 56, 1.00000000, 0, 83);
INSERT INTO `port` VALUES (1151740345661841409, 1151740345636675586, '2019-12-29 12:00:00', '2019-12-29 12:00:00', '第烏', 21, 70, 1.00000000, 0, 84);
INSERT INTO `port` VALUES (1151740345699590146, 1151740345636675586, '2019-12-29 12:00:00', '2019-12-29 12:00:00', '果阿', 15, 73, 1.00000000, 0, 85);
INSERT INTO `port` VALUES (1151740345733144577, 1151740345636675586, '2019-12-29 12:00:00', '2019-12-29 12:00:00', '坎納諾爾', 12, 75, 1.00000000, 0, 86);
INSERT INTO `port` VALUES (1151740345766699009, 1151740345636675586, '2019-12-29 12:00:00', '2019-12-29 12:00:00', '卡利卡特', 11, 75, 1.00000000, 0, 87);
INSERT INTO `port` VALUES (1151740345796059137, 1151740345636675586, '2019-12-29 12:00:00', '2019-12-29 12:00:00', '科欽', 10, 76, 1.00000000, 0, 88);
INSERT INTO `port` VALUES (1151740345838002177, 1151740345636675586, '2019-12-29 12:00:00', '2019-12-29 12:00:00', '科倫坡', 7, 79, 1.00000000, 0, 89);
INSERT INTO `port` VALUES (1151740345867362305, 1151740345636675586, '2019-12-29 12:00:00', '2019-12-29 12:00:00', '加爾各答', 21, 88, 1.00000000, 0, 90);
INSERT INTO `port` VALUES (1151740345921888258, 1151740345909305346, '2019-12-29 12:00:00', '2019-12-29 12:00:00', '勃固', 16, 96, 1.00000000, 0, 91);
INSERT INTO `port` VALUES (1151740345959636994, 1151740345909305346, '2019-12-29 12:00:00', '2019-12-29 12:00:00', '麻六甲', 1, 103, 1.00000000, 0, 92);
INSERT INTO `port` VALUES (1151740345980608514, 1151740345909305346, '2019-12-29 12:00:00', '2019-12-29 12:00:00', '洛坤', 8, 99, 1.00000000, 0, 93);
INSERT INTO `port` VALUES (1151740346005774338, 1151740345909305346, '2019-12-29 12:00:00', '2019-12-29 12:00:00', '大城', 13, 100, 1.00000000, 0, 94);
INSERT INTO `port` VALUES (1151740346030940162, 1151740345909305346, '2019-12-29 12:00:00', '2019-12-29 12:00:00', '順化', 16, 107, 1.00000000, 0, 95);
INSERT INTO `port` VALUES (1151740346081271809, 1151740345909305346, '2019-12-29 12:00:00', '2019-12-29 12:00:00', '交都', 20, 106, 1.00000000, 0, 96);
INSERT INTO `port` VALUES (1151740346106437633, 1151740345909305346, '2019-12-29 12:00:00', '2019-12-29 12:00:00', '亞齊', 5, 95, 1.00000000, 0, 97);
INSERT INTO `port` VALUES (1151740346131603457, 1151740345909305346, '2019-12-29 12:00:00', '2019-12-29 12:00:00', '巨港', -2, 104, 1.00000000, 0, 98);
INSERT INTO `port` VALUES (1151740346156769282, 1151740345909305346, '2019-12-29 12:00:00', '2019-12-29 12:00:00', '萬丹', -5, 105, 1.00000000, 0, 99);
INSERT INTO `port` VALUES (1151740346173546498, 1151740345909305346, '2019-12-29 12:00:00', '2019-12-29 12:00:00', '泗水', -7, 112, 1.00000000, 0, 100);
INSERT INTO `port` VALUES (1151740346202906626, 1151740345909305346, '2019-12-29 12:00:00', '2019-12-29 12:00:00', '文萊', 5, 114, 1.00000000, 0, 101);
INSERT INTO `port` VALUES (1151740346228072450, 1151740345909305346, '2019-12-29 12:00:00', '2019-12-29 12:00:00', '德那第', 0, 127, 1.00000000, 0, 102);
INSERT INTO `port` VALUES (1151740346249043970, 1151740345909305346, '2019-12-29 12:00:00', '2019-12-29 12:00:00', '安波那', -3, 127, 1.00000000, 0, 103);
INSERT INTO `port` VALUES (1151740346274209794, 1151740346270015489, '2019-12-29 12:00:00', '2019-12-29 12:00:00', '澳門', 22, 113, 1.00000000, 0, 104);
INSERT INTO `port` VALUES (1151740346311958530, 1151740346270015489, '2019-12-29 12:00:00', '2019-12-29 12:00:00', '廣州', 22, 114, 1.00000000, 0, 105);
INSERT INTO `port` VALUES (1151740346362290177, 1151740346270015489, '2019-12-29 12:00:00', '2019-12-29 12:00:00', '泉州', 25, 118, 1.00000000, 0, 106);
INSERT INTO `port` VALUES (1151740346412621825, 1151740346270015489, '2019-12-29 12:00:00', '2019-12-29 12:00:00', '福州', 26, 119, 1.00000000, 0, 107);
INSERT INTO `port` VALUES (1151740346454564866, 1151740346270015489, '2019-12-29 12:00:00', '2019-12-29 12:00:00', '杭州', 30, 120, 1.00000000, 0, 108);
INSERT INTO `port` VALUES (1151740346504896514, 1151740346270015489, '2019-12-29 12:00:00', '2019-12-29 12:00:00', '南京', 31, 121, 1.00000000, 0, 109);
INSERT INTO `port` VALUES (1151740346551033857, 1151740346270015489, '2019-12-29 12:00:00', '2019-12-29 12:00:00', '遼東', 41, 121, 1.00000000, 0, 110);
INSERT INTO `port` VALUES (1151740346592976897, 1151740346270015489, '2019-12-29 12:00:00', '2019-12-29 12:00:00', '漢城', 37, 126, 1.00000000, 0, 111);
INSERT INTO `port` VALUES (1151740346634919937, 1151740346270015489, '2019-12-29 12:00:00', '2019-12-29 12:00:00', '長崎', 32, 129, 1.00000000, 0, 112);
INSERT INTO `port` VALUES (1151740346672668673, 1151740346270015489, '2019-12-29 12:00:00', '2019-12-29 12:00:00', '堺', 34, 135, 1.00000000, 0, 113);
INSERT INTO `port` VALUES (1151740346748166145, 1151740346714611714, '2019-12-29 12:00:00', '2019-12-29 12:00:00', '聖多米尼各', 18, -69, 1.00000000, 0, 114);
INSERT INTO `port` VALUES (1151740346764943362, 1151740346714611714, '2019-12-29 12:00:00', '2019-12-29 12:00:00', '聖地亞哥', 20, -76, 1.00000000, 0, 115);
INSERT INTO `port` VALUES (1151740346785914882, 1151740346714611714, '2019-12-29 12:00:00', '2019-12-29 12:00:00', '哈瓦那', 23, -82, 1.00000000, 0, 116);
INSERT INTO `port` VALUES (1151740346806886402, 1151740346714611714, '2019-12-29 12:00:00', '2019-12-29 12:00:00', '牙買加', 18, -77, 1.00000000, 0, 117);
INSERT INTO `port` VALUES (1151740346823663618, 1151740346714611714, '2019-12-29 12:00:00', '2019-12-29 12:00:00', '聖胡安', 18, -66, 1.00000000, 0, 118);
INSERT INTO `port` VALUES (1151740346844635138, 1151740346714611714, '2019-12-29 12:00:00', '2019-12-29 12:00:00', '韋拉克魯斯', 19, -96, 1.00000000, 0, 119);
INSERT INTO `port` VALUES (1151740346861412354, 1151740346714611714, '2019-12-29 12:00:00', '2019-12-29 12:00:00', '阿卡普爾科', 17, -100, 1.00000000, 0, 120);
INSERT INTO `port` VALUES (1151740346873995266, 1151740346714611714, '2019-12-29 12:00:00', '2019-12-29 12:00:00', '梅裏邊', 21, -88, 1.00000000, 0, 121);
INSERT INTO `port` VALUES (1151740346890772482, 1151740346714611714, '2019-12-29 12:00:00', '2019-12-29 12:00:00', '特魯希略', 15, -86, 1.00000000, 0, 122);
INSERT INTO `port` VALUES (1151740346915938305, 1151740346714611714, '2019-12-29 12:00:00', '2019-12-29 12:00:00', '萊昂', 11, -85, 1.00000000, 0, 123);
INSERT INTO `port` VALUES (1151740346928521218, 1151740346714611714, '2019-12-29 12:00:00', '2019-12-29 12:00:00', '巴拿馬', 9, -79, 1.00000000, 0, 124);
INSERT INTO `port` VALUES (1151740346949492737, 1151740346714611714, '2019-12-29 12:00:00', '2019-12-29 12:00:00', '科羅', 11, -70, 1.00000000, 0, 125);
INSERT INTO `port` VALUES (1151740346966269954, 1151740346714611714, '2019-12-29 12:00:00', '2019-12-29 12:00:00', '庫馬納', 10, -64, 1.00000000, 0, 126);
INSERT INTO `port` VALUES (1151740346983047169, 1151740346714611714, '2019-12-29 12:00:00', '2019-12-29 12:00:00', '伯南布哥', -7, -34, 1.00000000, 0, 127);
INSERT INTO `port` VALUES (1151740347008212994, 1151740346714611714, '2019-12-29 12:00:00', '2019-12-29 12:00:00', '巴伊阿', -12, -38, 1.00000000, 0, 128);
INSERT INTO `port` VALUES (1151740347029184514, 1151740346714611714, '2019-12-29 12:00:00', '2019-12-29 12:00:00', '里約熱內盧', -23, -44, 1.00000000, 0, 129);
INSERT INTO `port` VALUES (1151740347050156034, 1151740346714611714, '2019-12-29 12:00:00', '2019-12-29 12:00:00', '布宜諾艾利斯', -34, -58, 1.00000000, 0, 130);
INSERT INTO `port` VALUES (1151740347066933249, 1151740346714611714, '2019-12-29 12:00:00', '2019-12-29 12:00:00', '通貝斯', -3, -80, 1.00000000, 0, 131);
INSERT INTO `port` VALUES (1151740347083710466, 1151740346714611714, '2019-12-29 12:00:00', '2019-12-29 12:00:00', '奇克奇克', -6, -80, 1.00000000, 0, 132);
INSERT INTO `port` VALUES (1151740347092099074, 1151740346714611714, '2019-12-29 12:00:00', '2019-12-29 12:00:00', '納斯卡', -15, -75, 1.00000000, 0, 133);

-- ----------------------------
-- Table structure for port_adventure
-- ----------------------------
DROP TABLE IF EXISTS `port_adventure`;
CREATE TABLE `port_adventure`  (
  `id` bigint(20) UNSIGNED NOT NULL,
  `create_time` datetime(0) NOT NULL,
  `modified_time` datetime(0) NOT NULL,
  `port_id` bigint(20) UNSIGNED NOT NULL,
  `adventure_id` bigint(20) UNSIGNED NOT NULL,
  PRIMARY KEY (`id`) USING BTREE
) ENGINE = InnoDB CHARACTER SET = utf8mb4 COLLATE = utf8mb4_general_ci ROW_FORMAT = Dynamic;

-- ----------------------------
-- Table structure for port_goods
-- ----------------------------
DROP TABLE IF EXISTS `port_goods`;
CREATE TABLE `port_goods`  (
  `id` bigint(20) UNSIGNED NOT NULL,
  `create_time` datetime(0) NOT NULL,
  `modified_time` datetime(0) NOT NULL,
  `port_id` bigint(20) UNSIGNED NOT NULL,
  `goods_id` bigint(20) UNSIGNED NOT NULL,
  `price` int(11) NOT NULL,
  PRIMARY KEY (`id`) USING BTREE
) ENGINE = InnoDB CHARACTER SET = utf8mb4 COLLATE = utf8mb4_general_ci ROW_FORMAT = Dynamic;

-- ----------------------------
-- Records of port_goods
-- ----------------------------
INSERT INTO `port_goods` VALUES (1151740342209929217, '2019-12-29 12:00:00', '2019-12-29 12:00:00', 1151740170994245633, 1151740169970835457, 30);
INSERT INTO `port_goods` VALUES (1151740342226706434, '2019-12-29 12:00:00', '2019-12-29 12:00:00', 1151740170994245633, 1151740169761120258, 100);
INSERT INTO `port_goods` VALUES (1151740342247677953, '2019-12-29 12:00:00', '2019-12-29 12:00:00', 1151740170994245633, 1151740170121830402, 200);
INSERT INTO `port_goods` VALUES (1151740342260260866, '2019-12-29 12:00:00', '2019-12-29 12:00:00', 1151740170994245633, 1151740170105053186, 300);
INSERT INTO `port_goods` VALUES (1151740342272843778, '2019-12-29 12:00:00', '2019-12-29 12:00:00', 1151740170994245633, 1151740170008584194, 280);
INSERT INTO `port_goods` VALUES (1151740342281232386, '2019-12-29 12:00:00', '2019-12-29 12:00:00', 1151740170994245633, 1151740169996001281, 550);
INSERT INTO `port_goods` VALUES (1151740342298009601, '2019-12-29 12:00:00', '2019-12-29 12:00:00', 1151740170994245633, 1151740170360905729, 300);
INSERT INTO `port_goods` VALUES (1151740342318981121, '2019-12-29 12:00:00', '2019-12-29 12:00:00', 1151740342310592513, 1151740169970835457, 50);
INSERT INTO `port_goods` VALUES (1151740342327369730, '2019-12-29 12:00:00', '2019-12-29 12:00:00', 1151740342310592513, 1151740169761120258, 100);
INSERT INTO `port_goods` VALUES (1151740342335758337, '2019-12-29 12:00:00', '2019-12-29 12:00:00', 1151740342310592513, 1151740170121830402, 250);
INSERT INTO `port_goods` VALUES (1151740342344146945, '2019-12-29 12:00:00', '2019-12-29 12:00:00', 1151740342310592513, 1151740169987612674, 80);
INSERT INTO `port_goods` VALUES (1151740342365118466, '2019-12-29 12:00:00', '2019-12-29 12:00:00', 1151740342356729857, 1151740169970835457, 50);
INSERT INTO `port_goods` VALUES (1151740342373507074, '2019-12-29 12:00:00', '2019-12-29 12:00:00', 1151740342356729857, 1151740169761120258, 100);
INSERT INTO `port_goods` VALUES (1151740342386089986, '2019-12-29 12:00:00', '2019-12-29 12:00:00', 1151740342356729857, 1151740170121830402, 250);
INSERT INTO `port_goods` VALUES (1151740342394478594, '2019-12-29 12:00:00', '2019-12-29 12:00:00', 1151740342356729857, 1151740170058915841, 90);
INSERT INTO `port_goods` VALUES (1151740342402867202, '2019-12-29 12:00:00', '2019-12-29 12:00:00', 1151740342356729857, 1151740170067304449, 125);
INSERT INTO `port_goods` VALUES (1151740342423838722, '2019-12-29 12:00:00', '2019-12-29 12:00:00', 1151740342415450113, 1151740169970835457, 50);
INSERT INTO `port_goods` VALUES (1151740342432227330, '2019-12-29 12:00:00', '2019-12-29 12:00:00', 1151740342415450113, 1151740169761120258, 100);
INSERT INTO `port_goods` VALUES (1151740342440615937, '2019-12-29 12:00:00', '2019-12-29 12:00:00', 1151740342415450113, 1151740170121830402, 250);
INSERT INTO `port_goods` VALUES (1151740342449004545, '2019-12-29 12:00:00', '2019-12-29 12:00:00', 1151740342415450113, 1151740170113441793, 100);
INSERT INTO `port_goods` VALUES (1151740342457393154, '2019-12-29 12:00:00', '2019-12-29 12:00:00', 1151740342415450113, 1151740170050527233, 200);
INSERT INTO `port_goods` VALUES (1151740342474170370, '2019-12-29 12:00:00', '2019-12-29 12:00:00', 1151740342465781762, 1151740169970835457, 50);
INSERT INTO `port_goods` VALUES (1151740342482558978, '2019-12-29 12:00:00', '2019-12-29 12:00:00', 1151740342465781762, 1151740169761120258, 100);
INSERT INTO `port_goods` VALUES (1151740342490947585, '2019-12-29 12:00:00', '2019-12-29 12:00:00', 1151740342465781762, 1151740170121830402, 200);
INSERT INTO `port_goods` VALUES (1151740342495141890, '2019-12-29 12:00:00', '2019-12-29 12:00:00', 1151740342465781762, 1151740169979224066, 100);
INSERT INTO `port_goods` VALUES (1151740342503530497, '2019-12-29 12:00:00', '2019-12-29 12:00:00', 1151740342465781762, 1151740170105053186, 300);
INSERT INTO `port_goods` VALUES (1151740342516113409, '2019-12-29 12:00:00', '2019-12-29 12:00:00', 1151740342465781762, 1151740170067304449, 125);
INSERT INTO `port_goods` VALUES (1151740342524502017, '2019-12-29 12:00:00', '2019-12-29 12:00:00', 1151740342465781762, 1151740170209910786, 330);
INSERT INTO `port_goods` VALUES (1151740342537084929, '2019-12-29 12:00:00', '2019-12-29 12:00:00', 1151740342528696322, 1151740169970835457, 50);
INSERT INTO `port_goods` VALUES (1151740342545473538, '2019-12-29 12:00:00', '2019-12-29 12:00:00', 1151740342528696322, 1151740169761120258, 100);
INSERT INTO `port_goods` VALUES (1151740342553862146, '2019-12-29 12:00:00', '2019-12-29 12:00:00', 1151740342528696322, 1151740170121830402, 250);
INSERT INTO `port_goods` VALUES (1151740342562250753, '2019-12-29 12:00:00', '2019-12-29 12:00:00', 1151740342528696322, 1151740169962446849, 100);
INSERT INTO `port_goods` VALUES (1151740342570639362, '2019-12-29 12:00:00', '2019-12-29 12:00:00', 1151740342528696322, 1151740169987612674, 75);
INSERT INTO `port_goods` VALUES (1151740342587416578, '2019-12-29 12:00:00', '2019-12-29 12:00:00', 1151740342579027969, 1151740169970835457, 50);
INSERT INTO `port_goods` VALUES (1151740342595805186, '2019-12-29 12:00:00', '2019-12-29 12:00:00', 1151740342579027969, 1151740169761120258, 100);
INSERT INTO `port_goods` VALUES (1151740342604193793, '2019-12-29 12:00:00', '2019-12-29 12:00:00', 1151740342579027969, 1151740170121830402, 200);
INSERT INTO `port_goods` VALUES (1151740342608388098, '2019-12-29 12:00:00', '2019-12-29 12:00:00', 1151740342579027969, 1151740170277019649, 150);
INSERT INTO `port_goods` VALUES (1151740342616776705, '2019-12-29 12:00:00', '2019-12-29 12:00:00', 1151740342579027969, 1151740170050527233, 180);
INSERT INTO `port_goods` VALUES (1151740342633553921, '2019-12-29 12:00:00', '2019-12-29 12:00:00', 1151740342625165314, 1151740169970835457, 50);
INSERT INTO `port_goods` VALUES (1151740342641942529, '2019-12-29 12:00:00', '2019-12-29 12:00:00', 1151740342625165314, 1151740169761120258, 100);
INSERT INTO `port_goods` VALUES (1151740342654525441, '2019-12-29 12:00:00', '2019-12-29 12:00:00', 1151740342625165314, 1151740170121830402, 200);
INSERT INTO `port_goods` VALUES (1151740342662914049, '2019-12-29 12:00:00', '2019-12-29 12:00:00', 1151740342625165314, 1151740170243465218, 200);
INSERT INTO `port_goods` VALUES (1151740342671302658, '2019-12-29 12:00:00', '2019-12-29 12:00:00', 1151740342625165314, 1151740169996001281, 450);
INSERT INTO `port_goods` VALUES (1151740342688079874, '2019-12-29 12:00:00', '2019-12-29 12:00:00', 1151740342679691265, 1151740169970835457, 50);
INSERT INTO `port_goods` VALUES (1151740342696468482, '2019-12-29 12:00:00', '2019-12-29 12:00:00', 1151740342679691265, 1151740170314768385, 330);
INSERT INTO `port_goods` VALUES (1151740342700662785, '2019-12-29 12:00:00', '2019-12-29 12:00:00', 1151740342679691265, 1151740170474151937, 250);
INSERT INTO `port_goods` VALUES (1151740342709051394, '2019-12-29 12:00:00', '2019-12-29 12:00:00', 1151740342679691265, 1151740170490929154, 30);
INSERT INTO `port_goods` VALUES (1151740342730022913, '2019-12-29 12:00:00', '2019-12-29 12:00:00', 1151740342721634305, 1151740169970835457, 60);
INSERT INTO `port_goods` VALUES (1151740342738411521, '2019-12-29 12:00:00', '2019-12-29 12:00:00', 1151740342721634305, 1151740169761120258, 110);
INSERT INTO `port_goods` VALUES (1151740342746800129, '2019-12-29 12:00:00', '2019-12-29 12:00:00', 1151740342721634305, 1151740170121830402, 190);
INSERT INTO `port_goods` VALUES (1151740342755188738, '2019-12-29 12:00:00', '2019-12-29 12:00:00', 1151740342721634305, 1151740170474151937, 230);
INSERT INTO `port_goods` VALUES (1151740342771965954, '2019-12-29 12:00:00', '2019-12-29 12:00:00', 1151740342763577346, 1151740169970835457, 70);
INSERT INTO `port_goods` VALUES (1151740342780354561, '2019-12-29 12:00:00', '2019-12-29 12:00:00', 1151740342763577346, 1151740169761120258, 90);
INSERT INTO `port_goods` VALUES (1151740342784548866, '2019-12-29 12:00:00', '2019-12-29 12:00:00', 1151740342763577346, 1151740170327351297, 430);
INSERT INTO `port_goods` VALUES (1151740342805520386, '2019-12-29 12:00:00', '2019-12-29 12:00:00', 1151740342797131778, 1151740169761120258, 90);
INSERT INTO `port_goods` VALUES (1151740342813908993, '2019-12-29 12:00:00', '2019-12-29 12:00:00', 1151740342797131778, 1151740170306379778, 100);
INSERT INTO `port_goods` VALUES (1151740342818103298, '2019-12-29 12:00:00', '2019-12-29 12:00:00', 1151740342797131778, 1151740170314768385, 300);
INSERT INTO `port_goods` VALUES (1151740342943932417, '2019-12-29 12:00:00', '2019-12-29 12:00:00', 1151740342935543810, 1151740170067304449, 30);
INSERT INTO `port_goods` VALUES (1151740342952321025, '2019-12-29 12:00:00', '2019-12-29 12:00:00', 1151740342935543810, 1151740169954058242, 200);
INSERT INTO `port_goods` VALUES (1151740342960709634, '2019-12-29 12:00:00', '2019-12-29 12:00:00', 1151740342935543810, 1151740170121830402, 300);
INSERT INTO `port_goods` VALUES (1151740342964903937, '2019-12-29 12:00:00', '2019-12-29 12:00:00', 1151740342935543810, 1151740170096664578, 200);
INSERT INTO `port_goods` VALUES (1151740342973292546, '2019-12-29 12:00:00', '2019-12-29 12:00:00', 1151740342935543810, 1151740170105053186, 450);
INSERT INTO `port_goods` VALUES (1151740342990069762, '2019-12-29 12:00:00', '2019-12-29 12:00:00', 1151740342981681153, 1151740170067304449, 30);
INSERT INTO `port_goods` VALUES (1151740342998458370, '2019-12-29 12:00:00', '2019-12-29 12:00:00', 1151740342981681153, 1151740169954058242, 150);
INSERT INTO `port_goods` VALUES (1151740343006846977, '2019-12-29 12:00:00', '2019-12-29 12:00:00', 1151740342981681153, 1151740170121830402, 250);
INSERT INTO `port_goods` VALUES (1151740343015235586, '2019-12-29 12:00:00', '2019-12-29 12:00:00', 1151740342981681153, 1151740170277019649, 100);
INSERT INTO `port_goods` VALUES (1151740343023624194, '2019-12-29 12:00:00', '2019-12-29 12:00:00', 1151740342981681153, 1151740170016972802, 150);
INSERT INTO `port_goods` VALUES (1151740343032012801, '2019-12-29 12:00:00', '2019-12-29 12:00:00', 1151740342981681153, 1151740170327351297, 420);
INSERT INTO `port_goods` VALUES (1151740343052984321, '2019-12-29 12:00:00', '2019-12-29 12:00:00', 1151740343040401409, 1151740170067304449, 40);
INSERT INTO `port_goods` VALUES (1151740343057178626, '2019-12-29 12:00:00', '2019-12-29 12:00:00', 1151740343040401409, 1151740170121830402, 300);
INSERT INTO `port_goods` VALUES (1151740343065567233, '2019-12-29 12:00:00', '2019-12-29 12:00:00', 1151740343040401409, 1151740169954058242, 100);
INSERT INTO `port_goods` VALUES (1151740343078150146, '2019-12-29 12:00:00', '2019-12-29 12:00:00', 1151740343040401409, 1151740170176356354, 100);
INSERT INTO `port_goods` VALUES (1151740343094927362, '2019-12-29 12:00:00', '2019-12-29 12:00:00', 1151740343086538753, 1151740170121830402, 250);
INSERT INTO `port_goods` VALUES (1151740343103315969, '2019-12-29 12:00:00', '2019-12-29 12:00:00', 1151740343086538753, 1151740170243465218, 180);
INSERT INTO `port_goods` VALUES (1151740343111704577, '2019-12-29 12:00:00', '2019-12-29 12:00:00', 1151740343086538753, 1151740169945669633, 200);
INSERT INTO `port_goods` VALUES (1151740343120093185, '2019-12-29 12:00:00', '2019-12-29 12:00:00', 1151740343086538753, 1151740170088275970, 150);
INSERT INTO `port_goods` VALUES (1151740343136870402, '2019-12-29 12:00:00', '2019-12-29 12:00:00', 1151740343128481794, 1151740170121830402, 250);
INSERT INTO `port_goods` VALUES (1151740343145259009, '2019-12-29 12:00:00', '2019-12-29 12:00:00', 1151740343128481794, 1151740169945669633, 200);
INSERT INTO `port_goods` VALUES (1151740343153647618, '2019-12-29 12:00:00', '2019-12-29 12:00:00', 1151740343128481794, 1151740170243465218, 200);
INSERT INTO `port_goods` VALUES (1151740343157841921, '2019-12-29 12:00:00', '2019-12-29 12:00:00', 1151740343128481794, 1151740170314768385, 280);
INSERT INTO `port_goods` VALUES (1151740343174619138, '2019-12-29 12:00:00', '2019-12-29 12:00:00', 1151740343166230529, 1151740170121830402, 300);
INSERT INTO `port_goods` VALUES (1151740343183007745, '2019-12-29 12:00:00', '2019-12-29 12:00:00', 1151740343166230529, 1151740170243465218, 100);
INSERT INTO `port_goods` VALUES (1151740343191396354, '2019-12-29 12:00:00', '2019-12-29 12:00:00', 1151740343166230529, 1151740169945669633, 170);
INSERT INTO `port_goods` VALUES (1151740343195590658, '2019-12-29 12:00:00', '2019-12-29 12:00:00', 1151740343166230529, 1151740169907920897, 200);
INSERT INTO `port_goods` VALUES (1151740343203979265, '2019-12-29 12:00:00', '2019-12-29 12:00:00', 1151740343166230529, 1151740170088275970, 200);
INSERT INTO `port_goods` VALUES (1151740343245922306, '2019-12-29 12:00:00', '2019-12-29 12:00:00', 1151740343241728001, 1151740169987612674, 75);
INSERT INTO `port_goods` VALUES (1151740343254310914, '2019-12-29 12:00:00', '2019-12-29 12:00:00', 1151740343241728001, 1151740170121830402, 250);
INSERT INTO `port_goods` VALUES (1151740343262699521, '2019-12-29 12:00:00', '2019-12-29 12:00:00', 1151740343241728001, 1151740170277019649, 150);
INSERT INTO `port_goods` VALUES (1151740343266893826, '2019-12-29 12:00:00', '2019-12-29 12:00:00', 1151740343241728001, 1151740170105053186, 400);
INSERT INTO `port_goods` VALUES (1151740343275282433, '2019-12-29 12:00:00', '2019-12-29 12:00:00', 1151740343241728001, 1151740170113441793, 200);
INSERT INTO `port_goods` VALUES (1151740343279476738, '2019-12-29 12:00:00', '2019-12-29 12:00:00', 1151740343241728001, 1151740170079887362, 300);
INSERT INTO `port_goods` VALUES (1151740343317225474, '2019-12-29 12:00:00', '2019-12-29 12:00:00', 1151740343313031170, 1151740169987612674, 50);
INSERT INTO `port_goods` VALUES (1151740343325614081, '2019-12-29 12:00:00', '2019-12-29 12:00:00', 1151740343313031170, 1151740170121830402, 250);
INSERT INTO `port_goods` VALUES (1151740343329808386, '2019-12-29 12:00:00', '2019-12-29 12:00:00', 1151740343313031170, 1151740170277019649, 150);
INSERT INTO `port_goods` VALUES (1151740343338196993, '2019-12-29 12:00:00', '2019-12-29 12:00:00', 1151740343313031170, 1151740170058915841, 150);
INSERT INTO `port_goods` VALUES (1151740343354974210, '2019-12-29 12:00:00', '2019-12-29 12:00:00', 1151740343346585601, 1151740169987612674, 80);
INSERT INTO `port_goods` VALUES (1151740343363362817, '2019-12-29 12:00:00', '2019-12-29 12:00:00', 1151740343346585601, 1151740170121830402, 230);
INSERT INTO `port_goods` VALUES (1151740343367557121, '2019-12-29 12:00:00', '2019-12-29 12:00:00', 1151740343346585601, 1151740170277019649, 100);
INSERT INTO `port_goods` VALUES (1151740343375945730, '2019-12-29 12:00:00', '2019-12-29 12:00:00', 1151740343346585601, 1151740170058915841, 190);
INSERT INTO `port_goods` VALUES (1151740343388528641, '2019-12-29 12:00:00', '2019-12-29 12:00:00', 1151740343380140034, 1151740169987612674, 80);
INSERT INTO `port_goods` VALUES (1151740343396917249, '2019-12-29 12:00:00', '2019-12-29 12:00:00', 1151740343380140034, 1151740170121830402, 300);
INSERT INTO `port_goods` VALUES (1151740343401111554, '2019-12-29 12:00:00', '2019-12-29 12:00:00', 1151740343380140034, 1151740170277019649, 100);
INSERT INTO `port_goods` VALUES (1151740343409500162, '2019-12-29 12:00:00', '2019-12-29 12:00:00', 1151740343380140034, 1151740170088275970, 200);
INSERT INTO `port_goods` VALUES (1151740343422083073, '2019-12-29 12:00:00', '2019-12-29 12:00:00', 1151740343413694465, 1151740169987612674, 65);
INSERT INTO `port_goods` VALUES (1151740343430471682, '2019-12-29 12:00:00', '2019-12-29 12:00:00', 1151740343413694465, 1151740170079887362, 220);
INSERT INTO `port_goods` VALUES (1151740343434665986, '2019-12-29 12:00:00', '2019-12-29 12:00:00', 1151740343413694465, 1151740170314768385, 320);
INSERT INTO `port_goods` VALUES (1151740343451443202, '2019-12-29 12:00:00', '2019-12-29 12:00:00', 1151740343443054594, 1151740169928892418, 100);
INSERT INTO `port_goods` VALUES (1151740343459831809, '2019-12-29 12:00:00', '2019-12-29 12:00:00', 1151740343443054594, 1151740170121830402, 250);
INSERT INTO `port_goods` VALUES (1151740343464026113, '2019-12-29 12:00:00', '2019-12-29 12:00:00', 1151740343443054594, 1151740170113441793, 200);
INSERT INTO `port_goods` VALUES (1151740343468220418, '2019-12-29 12:00:00', '2019-12-29 12:00:00', 1151740343443054594, 1151740169987612674, 100);
INSERT INTO `port_goods` VALUES (1151740343476609025, '2019-12-29 12:00:00', '2019-12-29 12:00:00', 1151740343443054594, 1151740170188939266, 100);
INSERT INTO `port_goods` VALUES (1151740343480803330, '2019-12-29 12:00:00', '2019-12-29 12:00:00', 1151740343443054594, 1151740170134413313, 200);
INSERT INTO `port_goods` VALUES (1151740343493386242, '2019-12-29 12:00:00', '2019-12-29 12:00:00', 1151740343484997634, 1151740169928892418, 100);
INSERT INTO `port_goods` VALUES (1151740343497580546, '2019-12-29 12:00:00', '2019-12-29 12:00:00', 1151740343484997634, 1151740170121830402, 250);
INSERT INTO `port_goods` VALUES (1151740343501774850, '2019-12-29 12:00:00', '2019-12-29 12:00:00', 1151740343484997634, 1151740170113441793, 100);
INSERT INTO `port_goods` VALUES (1151740343510163457, '2019-12-29 12:00:00', '2019-12-29 12:00:00', 1151740343484997634, 1151740170067304449, 35);
INSERT INTO `port_goods` VALUES (1151740343514357761, '2019-12-29 12:00:00', '2019-12-29 12:00:00', 1151740343484997634, 1151740170016972802, 200);
INSERT INTO `port_goods` VALUES (1151740343522746370, '2019-12-29 12:00:00', '2019-12-29 12:00:00', 1151740343484997634, 1151740170008584194, 300);
INSERT INTO `port_goods` VALUES (1151740343535329281, '2019-12-29 12:00:00', '2019-12-29 12:00:00', 1151740343526940674, 1151740169928892418, 100);
INSERT INTO `port_goods` VALUES (1151740343539523586, '2019-12-29 12:00:00', '2019-12-29 12:00:00', 1151740343526940674, 1151740170121830402, 300);
INSERT INTO `port_goods` VALUES (1151740343543717890, '2019-12-29 12:00:00', '2019-12-29 12:00:00', 1151740343526940674, 1151740170113441793, 100);
INSERT INTO `port_goods` VALUES (1151740343552106497, '2019-12-29 12:00:00', '2019-12-29 12:00:00', 1151740343526940674, 1151740169970835457, 50);
INSERT INTO `port_goods` VALUES (1151740343556300802, '2019-12-29 12:00:00', '2019-12-29 12:00:00', 1151740343526940674, 1151740169945669633, 200);
INSERT INTO `port_goods` VALUES (1151740343564689409, '2019-12-29 12:00:00', '2019-12-29 12:00:00', 1151740343526940674, 1151740169954058242, 100);
INSERT INTO `port_goods` VALUES (1151740343581466626, '2019-12-29 12:00:00', '2019-12-29 12:00:00', 1151740343568883714, 1151740170067304449, 70);
INSERT INTO `port_goods` VALUES (1151740343606632449, '2019-12-29 12:00:00', '2019-12-29 12:00:00', 1151740343568883714, 1151740170260242434, 70);
INSERT INTO `port_goods` VALUES (1151740343635992577, '2019-12-29 12:00:00', '2019-12-29 12:00:00', 1151740343568883714, 1151740169987612674, 200);
INSERT INTO `port_goods` VALUES (1151740343652769793, '2019-12-29 12:00:00', '2019-12-29 12:00:00', 1151740343568883714, 1151740169979224066, 200);
INSERT INTO `port_goods` VALUES (1151740343673741313, '2019-12-29 12:00:00', '2019-12-29 12:00:00', 1151740343661158402, 1151740170067304449, 55);
INSERT INTO `port_goods` VALUES (1151740343686324225, '2019-12-29 12:00:00', '2019-12-29 12:00:00', 1151740343661158402, 1151740170260242434, 40);
INSERT INTO `port_goods` VALUES (1151740343694712834, '2019-12-29 12:00:00', '2019-12-29 12:00:00', 1151740343661158402, 1151740170285408258, 340);
INSERT INTO `port_goods` VALUES (1151740343715684354, '2019-12-29 12:00:00', '2019-12-29 12:00:00', 1151740343707295745, 1151740170067304449, 50);
INSERT INTO `port_goods` VALUES (1151740343724072962, '2019-12-29 12:00:00', '2019-12-29 12:00:00', 1151740343707295745, 1151740170260242434, 50);
INSERT INTO `port_goods` VALUES (1151740343732461569, '2019-12-29 12:00:00', '2019-12-29 12:00:00', 1151740343707295745, 1151740170251853825, 100);
INSERT INTO `port_goods` VALUES (1151740343740850178, '2019-12-29 12:00:00', '2019-12-29 12:00:00', 1151740343707295745, 1151740170222493698, 200);
INSERT INTO `port_goods` VALUES (1151740343766016001, '2019-12-29 12:00:00', '2019-12-29 12:00:00', 1151740343753433089, 1151740169987612674, 100);
INSERT INTO `port_goods` VALUES (1151740343782793218, '2019-12-29 12:00:00', '2019-12-29 12:00:00', 1151740343753433089, 1151740170134413313, 100);
INSERT INTO `port_goods` VALUES (1151740343828930562, '2019-12-29 12:00:00', '2019-12-29 12:00:00', 1151740343753433089, 1151740170327351297, 430);
INSERT INTO `port_goods` VALUES (1151740343845707777, '2019-12-29 12:00:00', '2019-12-29 12:00:00', 1151740343837319169, 1151740169987612674, 90);
INSERT INTO `port_goods` VALUES (1151740343858290689, '2019-12-29 12:00:00', '2019-12-29 12:00:00', 1151740343837319169, 1151740170314768385, 350);
INSERT INTO `port_goods` VALUES (1151740343875067906, '2019-12-29 12:00:00', '2019-12-29 12:00:00', 1151740343866679297, 1151740169987612674, 90);
INSERT INTO `port_goods` VALUES (1151740343887650818, '2019-12-29 12:00:00', '2019-12-29 12:00:00', 1151740343866679297, 1151740169979224066, 100);
INSERT INTO `port_goods` VALUES (1151740343896039426, '2019-12-29 12:00:00', '2019-12-29 12:00:00', 1151740343866679297, 1151740169907920897, 200);
INSERT INTO `port_goods` VALUES (1151740344000897026, '2019-12-29 12:00:00', '2019-12-29 12:00:00', 1151740343912816642, 1151740169987612674, 60);
INSERT INTO `port_goods` VALUES (1151740344013479937, '2019-12-29 12:00:00', '2019-12-29 12:00:00', 1151740343912816642, 1151740170260242434, 100);
INSERT INTO `port_goods` VALUES (1151740344021868546, '2019-12-29 12:00:00', '2019-12-29 12:00:00', 1151740343912816642, 1151740170327351297, 430);
INSERT INTO `port_goods` VALUES (1151740344038645761, '2019-12-29 12:00:00', '2019-12-29 12:00:00', 1151740344030257153, 1151740169987612674, 70);
INSERT INTO `port_goods` VALUES (1151740344147697666, '2019-12-29 12:00:00', '2019-12-29 12:00:00', 1151740344139309058, 1151740170067304449, 30);
INSERT INTO `port_goods` VALUES (1151740344156086274, '2019-12-29 12:00:00', '2019-12-29 12:00:00', 1151740344139309058, 1151740169954058242, 100);
INSERT INTO `port_goods` VALUES (1151740344164474881, '2019-12-29 12:00:00', '2019-12-29 12:00:00', 1151740344139309058, 1151740170121830402, 490);
INSERT INTO `port_goods` VALUES (1151740344172863490, '2019-12-29 12:00:00', '2019-12-29 12:00:00', 1151740344139309058, 1151740169970835457, 170);
INSERT INTO `port_goods` VALUES (1151740344181252098, '2019-12-29 12:00:00', '2019-12-29 12:00:00', 1151740344139309058, 1151740170277019649, 100);
INSERT INTO `port_goods` VALUES (1151740344185446402, '2019-12-29 12:00:00', '2019-12-29 12:00:00', 1151740344139309058, 1151740170230882306, 100);
INSERT INTO `port_goods` VALUES (1151740344202223618, '2019-12-29 12:00:00', '2019-12-29 12:00:00', 1151740344193835009, 1151740169761120258, 80);
INSERT INTO `port_goods` VALUES (1151740344210612226, '2019-12-29 12:00:00', '2019-12-29 12:00:00', 1151740344193835009, 1151740170121830402, 550);
INSERT INTO `port_goods` VALUES (1151740344219000833, '2019-12-29 12:00:00', '2019-12-29 12:00:00', 1151740344193835009, 1151740170243465218, 350);
INSERT INTO `port_goods` VALUES (1151740344223195137, '2019-12-29 12:00:00', '2019-12-29 12:00:00', 1151740344193835009, 1151740170134413313, 200);
INSERT INTO `port_goods` VALUES (1151740344231583746, '2019-12-29 12:00:00', '2019-12-29 12:00:00', 1151740344193835009, 1151740170277019649, 100);
INSERT INTO `port_goods` VALUES (1151740344248360962, '2019-12-29 12:00:00', '2019-12-29 12:00:00', 1151740344239972353, 1151740169761120258, 90);
INSERT INTO `port_goods` VALUES (1151740344252555265, '2019-12-29 12:00:00', '2019-12-29 12:00:00', 1151740344239972353, 1151740170121830402, 520);
INSERT INTO `port_goods` VALUES (1151740344260943874, '2019-12-29 12:00:00', '2019-12-29 12:00:00', 1151740344239972353, 1151740169907920897, 200);
INSERT INTO `port_goods` VALUES (1151740344265138178, '2019-12-29 12:00:00', '2019-12-29 12:00:00', 1151740344239972353, 1151740169996001281, 500);
INSERT INTO `port_goods` VALUES (1151740344277721089, '2019-12-29 12:00:00', '2019-12-29 12:00:00', 1151740344273526785, 1151740169761120258, 70);
INSERT INTO `port_goods` VALUES (1151740344281915394, '2019-12-29 12:00:00', '2019-12-29 12:00:00', 1151740344273526785, 1151740170121830402, 450);
INSERT INTO `port_goods` VALUES (1151740344290304002, '2019-12-29 12:00:00', '2019-12-29 12:00:00', 1151740344273526785, 1151740170243465218, 290);
INSERT INTO `port_goods` VALUES (1151740344294498306, '2019-12-29 12:00:00', '2019-12-29 12:00:00', 1151740344273526785, 1151740170016972802, 200);
INSERT INTO `port_goods` VALUES (1151740344298692610, '2019-12-29 12:00:00', '2019-12-29 12:00:00', 1151740344273526785, 1151740169970835457, 190);
INSERT INTO `port_goods` VALUES (1151740344315469826, '2019-12-29 12:00:00', '2019-12-29 12:00:00', 1151740344307081218, 1151740169761120258, 80);
INSERT INTO `port_goods` VALUES (1151740344319664130, '2019-12-29 12:00:00', '2019-12-29 12:00:00', 1151740344307081218, 1151740170121830402, 550);
INSERT INTO `port_goods` VALUES (1151740344328052737, '2019-12-29 12:00:00', '2019-12-29 12:00:00', 1151740344307081218, 1151740170209910786, 140);
INSERT INTO `port_goods` VALUES (1151740344332247042, '2019-12-29 12:00:00', '2019-12-29 12:00:00', 1151740344307081218, 1151740169954058242, 130);
INSERT INTO `port_goods` VALUES (1151740344344829954, '2019-12-29 12:00:00', '2019-12-29 12:00:00', 1151740344340635650, 1151740169761120258, 80);
INSERT INTO `port_goods` VALUES (1151740344349024257, '2019-12-29 12:00:00', '2019-12-29 12:00:00', 1151740344340635650, 1151740170121830402, 480);
INSERT INTO `port_goods` VALUES (1151740344357412866, '2019-12-29 12:00:00', '2019-12-29 12:00:00', 1151740344340635650, 1151740169907920897, 120);
INSERT INTO `port_goods` VALUES (1151740344361607170, '2019-12-29 12:00:00', '2019-12-29 12:00:00', 1151740344340635650, 1151740169920503810, 150);
INSERT INTO `port_goods` VALUES (1151740344369995778, '2019-12-29 12:00:00', '2019-12-29 12:00:00', 1151740344365801474, 1151740170121830402, 450);
INSERT INTO `port_goods` VALUES (1151740344374190081, '2019-12-29 12:00:00', '2019-12-29 12:00:00', 1151740344365801474, 1151740169761120258, 90);
INSERT INTO `port_goods` VALUES (1151740344382578689, '2019-12-29 12:00:00', '2019-12-29 12:00:00', 1151740344365801474, 1151740169920503810, 150);
INSERT INTO `port_goods` VALUES (1151740344386772994, '2019-12-29 12:00:00', '2019-12-29 12:00:00', 1151740344365801474, 1151740170230882306, 100);
INSERT INTO `port_goods` VALUES (1151740344399355906, '2019-12-29 12:00:00', '2019-12-29 12:00:00', 1151740344395161601, 1151740169761120258, 70);
INSERT INTO `port_goods` VALUES (1151740344407744513, '2019-12-29 12:00:00', '2019-12-29 12:00:00', 1151740344395161601, 1151740170121830402, 600);
INSERT INTO `port_goods` VALUES (1151740344411938817, '2019-12-29 12:00:00', '2019-12-29 12:00:00', 1151740344395161601, 1151740170067304449, 40);
INSERT INTO `port_goods` VALUES (1151740344424521730, '2019-12-29 12:00:00', '2019-12-29 12:00:00', 1151740344420327425, 1151740169761120258, 90);
INSERT INTO `port_goods` VALUES (1151740344428716034, '2019-12-29 12:00:00', '2019-12-29 12:00:00', 1151740344420327425, 1151740170121830402, 550);
INSERT INTO `port_goods` VALUES (1151740344437104642, '2019-12-29 12:00:00', '2019-12-29 12:00:00', 1151740344420327425, 1151740170067304449, 35);
INSERT INTO `port_goods` VALUES (1151740344441298945, '2019-12-29 12:00:00', '2019-12-29 12:00:00', 1151740344420327425, 1151740169970835457, 210);
INSERT INTO `port_goods` VALUES (1151740344453881858, '2019-12-29 12:00:00', '2019-12-29 12:00:00', 1151740344445493249, 1151740170096664578, 100);
INSERT INTO `port_goods` VALUES (1151740344458076161, '2019-12-29 12:00:00', '2019-12-29 12:00:00', 1151740344445493249, 1151740170008584194, 140);
INSERT INTO `port_goods` VALUES (1151740344462270465, '2019-12-29 12:00:00', '2019-12-29 12:00:00', 1151740344445493249, 1151740170121830402, 500);
INSERT INTO `port_goods` VALUES (1151740344474853377, '2019-12-29 12:00:00', '2019-12-29 12:00:00', 1151740344470659073, 1151740169761120258, 100);
INSERT INTO `port_goods` VALUES (1151740344483241985, '2019-12-29 12:00:00', '2019-12-29 12:00:00', 1151740344470659073, 1151740170121830402, 500);
INSERT INTO `port_goods` VALUES (1151740344495824897, '2019-12-29 12:00:00', '2019-12-29 12:00:00', 1151740344487436289, 1151740170067304449, 30);
INSERT INTO `port_goods` VALUES (1151740344500019201, '2019-12-29 12:00:00', '2019-12-29 12:00:00', 1151740344487436289, 1151740170121830402, 500);
INSERT INTO `port_goods` VALUES (1151740344512602113, '2019-12-29 12:00:00', '2019-12-29 12:00:00', 1151740344504213506, 1151740170067304449, 30);
INSERT INTO `port_goods` VALUES (1151740344516796417, '2019-12-29 12:00:00', '2019-12-29 12:00:00', 1151740344504213506, 1151740170121830402, 550);
INSERT INTO `port_goods` VALUES (1151740344567128066, '2019-12-29 12:00:00', '2019-12-29 12:00:00', 1151740344558739458, 1151740169970835457, 60);
INSERT INTO `port_goods` VALUES (1151740344579710977, '2019-12-29 12:00:00', '2019-12-29 12:00:00', 1151740344571322369, 1151740169937281026, 20);
INSERT INTO `port_goods` VALUES (1151740344583905282, '2019-12-29 12:00:00', '2019-12-29 12:00:00', 1151740344571322369, 1151740170029555714, 50);
INSERT INTO `port_goods` VALUES (1151740344588099586, '2019-12-29 12:00:00', '2019-12-29 12:00:00', 1151740344571322369, 1151740169761120258, 200);
INSERT INTO `port_goods` VALUES (1151740344592293889, '2019-12-29 12:00:00', '2019-12-29 12:00:00', 1151740344571322369, 1151740170306379778, 320);
INSERT INTO `port_goods` VALUES (1151740344600682497, '2019-12-29 12:00:00', '2019-12-29 12:00:00', 1151740344596488193, 1151740169937281026, 50);
INSERT INTO `port_goods` VALUES (1151740344604876802, '2019-12-29 12:00:00', '2019-12-29 12:00:00', 1151740344596488193, 1151740170067304449, 120);
INSERT INTO `port_goods` VALUES (1151740344617459713, '2019-12-29 12:00:00', '2019-12-29 12:00:00', 1151740344613265409, 1151740169937281026, 20);
INSERT INTO `port_goods` VALUES (1151740344625848321, '2019-12-29 12:00:00', '2019-12-29 12:00:00', 1151740344613265409, 1151740169970835457, 50);
INSERT INTO `port_goods` VALUES (1151740344630042626, '2019-12-29 12:00:00', '2019-12-29 12:00:00', 1151740344613265409, 1151740170067304449, 120);
INSERT INTO `port_goods` VALUES (1151740344642625537, '2019-12-29 12:00:00', '2019-12-29 12:00:00', 1151740344638431233, 1151740169937281026, 20);
INSERT INTO `port_goods` VALUES (1151740344651014146, '2019-12-29 12:00:00', '2019-12-29 12:00:00', 1151740344638431233, 1151740169970835457, 50);
INSERT INTO `port_goods` VALUES (1151740344655208450, '2019-12-29 12:00:00', '2019-12-29 12:00:00', 1151740344638431233, 1151740169987612674, 200);
INSERT INTO `port_goods` VALUES (1151740344671985665, '2019-12-29 12:00:00', '2019-12-29 12:00:00', 1151740344663597057, 1151740169937281026, 20);
INSERT INTO `port_goods` VALUES (1151740344676179970, '2019-12-29 12:00:00', '2019-12-29 12:00:00', 1151740344663597057, 1151740169996001281, 250);
INSERT INTO `port_goods` VALUES (1151740344684568578, '2019-12-29 12:00:00', '2019-12-29 12:00:00', 1151740344663597057, 1151740169987612674, 200);
INSERT INTO `port_goods` VALUES (1151740344701345794, '2019-12-29 12:00:00', '2019-12-29 12:00:00', 1151740344692957185, 1151740170201522177, 50);
INSERT INTO `port_goods` VALUES (1151740344705540097, '2019-12-29 12:00:00', '2019-12-29 12:00:00', 1151740344692957185, 1151740170079887362, 150);
INSERT INTO `port_goods` VALUES (1151740344713928706, '2019-12-29 12:00:00', '2019-12-29 12:00:00', 1151740344692957185, 1151740169996001281, 250);
INSERT INTO `port_goods` VALUES (1151740344722317313, '2019-12-29 12:00:00', '2019-12-29 12:00:00', 1151740344692957185, 1151740169761120258, 300);
INSERT INTO `port_goods` VALUES (1151740344730705921, '2019-12-29 12:00:00', '2019-12-29 12:00:00', 1151740344726511617, 1151740170201522177, 50);
INSERT INTO `port_goods` VALUES (1151740344739094530, '2019-12-29 12:00:00', '2019-12-29 12:00:00', 1151740344726511617, 1151740170079887362, 150);
INSERT INTO `port_goods` VALUES (1151740344743288833, '2019-12-29 12:00:00', '2019-12-29 12:00:00', 1151740344726511617, 1151740169996001281, 250);
INSERT INTO `port_goods` VALUES (1151740344760066049, '2019-12-29 12:00:00', '2019-12-29 12:00:00', 1151740344751677442, 1151740170201522177, 20);
INSERT INTO `port_goods` VALUES (1151740344764260353, '2019-12-29 12:00:00', '2019-12-29 12:00:00', 1151740344751677442, 1151740170029555714, 100);
INSERT INTO `port_goods` VALUES (1151740344768454657, '2019-12-29 12:00:00', '2019-12-29 12:00:00', 1151740344751677442, 1151740170079887362, 120);
INSERT INTO `port_goods` VALUES (1151740344776843265, '2019-12-29 12:00:00', '2019-12-29 12:00:00', 1151740344751677442, 1151740169996001281, 250);
INSERT INTO `port_goods` VALUES (1151740344781037569, '2019-12-29 12:00:00', '2019-12-29 12:00:00', 1151740344751677442, 1151740170067304449, 225);
INSERT INTO `port_goods` VALUES (1151740344793620482, '2019-12-29 12:00:00', '2019-12-29 12:00:00', 1151740344789426178, 1151740170201522177, 50);
INSERT INTO `port_goods` VALUES (1151740344797814785, '2019-12-29 12:00:00', '2019-12-29 12:00:00', 1151740344789426178, 1151740170285408258, 100);
INSERT INTO `port_goods` VALUES (1151740344802009089, '2019-12-29 12:00:00', '2019-12-29 12:00:00', 1151740344789426178, 1151740170079887362, 120);
INSERT INTO `port_goods` VALUES (1151740344818786305, '2019-12-29 12:00:00', '2019-12-29 12:00:00', 1151740344789426178, 1151740169996001281, 250);
INSERT INTO `port_goods` VALUES (1151740344831369217, '2019-12-29 12:00:00', '2019-12-29 12:00:00', 1151740344827174914, 1151740170079887362, 95);
INSERT INTO `port_goods` VALUES (1151740344839757825, '2019-12-29 12:00:00', '2019-12-29 12:00:00', 1151740344827174914, 1151740169761120258, 200);
INSERT INTO `port_goods` VALUES (1151740344843952129, '2019-12-29 12:00:00', '2019-12-29 12:00:00', 1151740344827174914, 1151740169987612674, 230);
INSERT INTO `port_goods` VALUES (1151740344856535041, '2019-12-29 12:00:00', '2019-12-29 12:00:00', 1151740344852340738, 1151740169920503810, 50);
INSERT INTO `port_goods` VALUES (1151740344860729345, '2019-12-29 12:00:00', '2019-12-29 12:00:00', 1151740344852340738, 1151740170079887362, 90);
INSERT INTO `port_goods` VALUES (1151740344869117953, '2019-12-29 12:00:00', '2019-12-29 12:00:00', 1151740344864923650, 1151740169920503810, 50);
INSERT INTO `port_goods` VALUES (1151740344877506562, '2019-12-29 12:00:00', '2019-12-29 12:00:00', 1151740344864923650, 1151740170079887362, 90);
INSERT INTO `port_goods` VALUES (1151740344881700866, '2019-12-29 12:00:00', '2019-12-29 12:00:00', 1151740344864923650, 1151740170050527233, 50);
INSERT INTO `port_goods` VALUES (1151740344890089474, '2019-12-29 12:00:00', '2019-12-29 12:00:00', 1151740344864923650, 1151740169987612674, 220);
INSERT INTO `port_goods` VALUES (1151740344898478082, '2019-12-29 12:00:00', '2019-12-29 12:00:00', 1151740344894283778, 1151740169920503810, 20);
INSERT INTO `port_goods` VALUES (1151740344902672385, '2019-12-29 12:00:00', '2019-12-29 12:00:00', 1151740344894283778, 1151740170079887362, 100);
INSERT INTO `port_goods` VALUES (1151740344906866689, '2019-12-29 12:00:00', '2019-12-29 12:00:00', 1151740344894283778, 1151740169996001281, 200);
INSERT INTO `port_goods` VALUES (1151740344911060993, '2019-12-29 12:00:00', '2019-12-29 12:00:00', 1151740344894283778, 1151740169761120258, 190);
INSERT INTO `port_goods` VALUES (1151740344919449601, '2019-12-29 12:00:00', '2019-12-29 12:00:00', 1151740344894283778, 1151740170067304449, 200);
INSERT INTO `port_goods` VALUES (1151740344927838210, '2019-12-29 12:00:00', '2019-12-29 12:00:00', 1151740344923643906, 1151740169920503810, 20);
INSERT INTO `port_goods` VALUES (1151740344932032514, '2019-12-29 12:00:00', '2019-12-29 12:00:00', 1151740344923643906, 1151740170079887362, 100);
INSERT INTO `port_goods` VALUES (1151740344936226817, '2019-12-29 12:00:00', '2019-12-29 12:00:00', 1151740344923643906, 1151740170163773442, 50);
INSERT INTO `port_goods` VALUES (1151740344940421122, '2019-12-29 12:00:00', '2019-12-29 12:00:00', 1151740344923643906, 1151740169996001281, 200);
INSERT INTO `port_goods` VALUES (1151740344944615425, '2019-12-29 12:00:00', '2019-12-29 12:00:00', 1151740344923643906, 1151740170067304449, 200);
INSERT INTO `port_goods` VALUES (1151740344957198338, '2019-12-29 12:00:00', '2019-12-29 12:00:00', 1151740344953004034, 1151740169920503810, 20);
INSERT INTO `port_goods` VALUES (1151740344961392641, '2019-12-29 12:00:00', '2019-12-29 12:00:00', 1151740344953004034, 1151740170079887362, 90);
INSERT INTO `port_goods` VALUES (1151740344965586946, '2019-12-29 12:00:00', '2019-12-29 12:00:00', 1151740344953004034, 1151740170042138626, 100);
INSERT INTO `port_goods` VALUES (1151740344969781249, '2019-12-29 12:00:00', '2019-12-29 12:00:00', 1151740344953004034, 1151740169996001281, 200);
INSERT INTO `port_goods` VALUES (1151740344973975554, '2019-12-29 12:00:00', '2019-12-29 12:00:00', 1151740344953004034, 1151740170067304449, 200);
INSERT INTO `port_goods` VALUES (1151740344986558466, '2019-12-29 12:00:00', '2019-12-29 12:00:00', 1151740344982364162, 1151740169920503810, 50);
INSERT INTO `port_goods` VALUES (1151740344990752769, '2019-12-29 12:00:00', '2019-12-29 12:00:00', 1151740344982364162, 1151740170079887362, 80);
INSERT INTO `port_goods` VALUES (1151740344994947073, '2019-12-29 12:00:00', '2019-12-29 12:00:00', 1151740344982364162, 1151740170042138626, 100);
INSERT INTO `port_goods` VALUES (1151740345003335682, '2019-12-29 12:00:00', '2019-12-29 12:00:00', 1151740344982364162, 1151740169996001281, 200);
INSERT INTO `port_goods` VALUES (1151740345011724290, '2019-12-29 12:00:00', '2019-12-29 12:00:00', 1151740345007529985, 1151740169920503810, 50);
INSERT INTO `port_goods` VALUES (1151740345015918593, '2019-12-29 12:00:00', '2019-12-29 12:00:00', 1151740345007529985, 1151740170079887362, 80);
INSERT INTO `port_goods` VALUES (1151740345024307201, '2019-12-29 12:00:00', '2019-12-29 12:00:00', 1151740345007529985, 1151740169996001281, 200);
INSERT INTO `port_goods` VALUES (1151740345078833154, '2019-12-29 12:00:00', '2019-12-29 12:00:00', 1151740345074638850, 1151740170209910786, 150);
INSERT INTO `port_goods` VALUES (1151740345087221761, '2019-12-29 12:00:00', '2019-12-29 12:00:00', 1151740345074638850, 1151740170297991170, 70);
INSERT INTO `port_goods` VALUES (1151740345091416066, '2019-12-29 12:00:00', '2019-12-29 12:00:00', 1151740345074638850, 1151740169761120258, 180);
INSERT INTO `port_goods` VALUES (1151740345103998978, '2019-12-29 12:00:00', '2019-12-29 12:00:00', 1151740345095610369, 1151740170335739905, 100);
INSERT INTO `port_goods` VALUES (1151740345108193281, '2019-12-29 12:00:00', '2019-12-29 12:00:00', 1151740345095610369, 1151740170297991170, 70);
INSERT INTO `port_goods` VALUES (1151740345112387585, '2019-12-29 12:00:00', '2019-12-29 12:00:00', 1151740345095610369, 1151740169761120258, 180);
INSERT INTO `port_goods` VALUES (1151740345124970498, '2019-12-29 12:00:00', '2019-12-29 12:00:00', 1151740345120776193, 1151740170134413313, 110);
INSERT INTO `port_goods` VALUES (1151740345129164801, '2019-12-29 12:00:00', '2019-12-29 12:00:00', 1151740345120776193, 1151740169954058242, 100);
INSERT INTO `port_goods` VALUES (1151740345133359106, '2019-12-29 12:00:00', '2019-12-29 12:00:00', 1151740345120776193, 1151740170176356354, 70);
INSERT INTO `port_goods` VALUES (1151740345137553409, '2019-12-29 12:00:00', '2019-12-29 12:00:00', 1151740345120776193, 1151740170297991170, 70);
INSERT INTO `port_goods` VALUES (1151740345150136322, '2019-12-29 12:00:00', '2019-12-29 12:00:00', 1151740345145942017, 1151740170297991170, 70);
INSERT INTO `port_goods` VALUES (1151740345154330626, '2019-12-29 12:00:00', '2019-12-29 12:00:00', 1151740345145942017, 1151740170314768385, 100);
INSERT INTO `port_goods` VALUES (1151740345158524929, '2019-12-29 12:00:00', '2019-12-29 12:00:00', 1151740345145942017, 1151740170327351297, 200);
INSERT INTO `port_goods` VALUES (1151740345162719233, '2019-12-29 12:00:00', '2019-12-29 12:00:00', 1151740345145942017, 1151740170352517122, 100);
INSERT INTO `port_goods` VALUES (1151740345171107842, '2019-12-29 12:00:00', '2019-12-29 12:00:00', 1151740345145942017, 1151740170067304449, 50);
INSERT INTO `port_goods` VALUES (1151740345175302145, '2019-12-29 12:00:00', '2019-12-29 12:00:00', 1151740345145942017, 1151740170016972802, 410);
INSERT INTO `port_goods` VALUES (1151740345183690753, '2019-12-29 12:00:00', '2019-12-29 12:00:00', 1151740345179496450, 1151740170297991170, 50);
INSERT INTO `port_goods` VALUES (1151740345187885058, '2019-12-29 12:00:00', '2019-12-29 12:00:00', 1151740345179496450, 1151740170314768385, 120);
INSERT INTO `port_goods` VALUES (1151740345196273665, '2019-12-29 12:00:00', '2019-12-29 12:00:00', 1151740345179496450, 1151740170327351297, 250);
INSERT INTO `port_goods` VALUES (1151740345200467970, '2019-12-29 12:00:00', '2019-12-29 12:00:00', 1151740345179496450, 1151740169761120258, 190);
INSERT INTO `port_goods` VALUES (1151740345213050882, '2019-12-29 12:00:00', '2019-12-29 12:00:00', 1151740345204662273, 1151740170297991170, 80);
INSERT INTO `port_goods` VALUES (1151740345217245185, '2019-12-29 12:00:00', '2019-12-29 12:00:00', 1151740345204662273, 1151740170314768385, 100);
INSERT INTO `port_goods` VALUES (1151740345221439489, '2019-12-29 12:00:00', '2019-12-29 12:00:00', 1151740345204662273, 1151740170327351297, 200);
INSERT INTO `port_goods` VALUES (1151740345225633794, '2019-12-29 12:00:00', '2019-12-29 12:00:00', 1151740345204662273, 1151740170096664578, 115);
INSERT INTO `port_goods` VALUES (1151740345238216706, '2019-12-29 12:00:00', '2019-12-29 12:00:00', 1151740345234022402, 1151740170297991170, 60);
INSERT INTO `port_goods` VALUES (1151740345242411009, '2019-12-29 12:00:00', '2019-12-29 12:00:00', 1151740345234022402, 1151740170314768385, 80);
INSERT INTO `port_goods` VALUES (1151740345250799618, '2019-12-29 12:00:00', '2019-12-29 12:00:00', 1151740345234022402, 1151740170327351297, 190);
INSERT INTO `port_goods` VALUES (1151740345254993922, '2019-12-29 12:00:00', '2019-12-29 12:00:00', 1151740345234022402, 1151740170344128514, 100);
INSERT INTO `port_goods` VALUES (1151740345267576834, '2019-12-29 12:00:00', '2019-12-29 12:00:00', 1151740345259188226, 1151740170067304449, 50);
INSERT INTO `port_goods` VALUES (1151740345275965442, '2019-12-29 12:00:00', '2019-12-29 12:00:00', 1151740345259188226, 1151740170121830402, 500);
INSERT INTO `port_goods` VALUES (1151740345288548353, '2019-12-29 12:00:00', '2019-12-29 12:00:00', 1151740345259188226, 1151740170360905729, 120);
INSERT INTO `port_goods` VALUES (1151740345292742657, '2019-12-29 12:00:00', '2019-12-29 12:00:00', 1151740345259188226, 1151740170297991170, 70);
INSERT INTO `port_goods` VALUES (1151740345296936961, '2019-12-29 12:00:00', '2019-12-29 12:00:00', 1151740345259188226, 1151740170369294337, 200);
INSERT INTO `port_goods` VALUES (1151740345309519874, '2019-12-29 12:00:00', '2019-12-29 12:00:00', 1151740345301131265, 1151740170067304449, 60);
INSERT INTO `port_goods` VALUES (1151740345313714178, '2019-12-29 12:00:00', '2019-12-29 12:00:00', 1151740345301131265, 1151740170121830402, 400);
INSERT INTO `port_goods` VALUES (1151740345317908481, '2019-12-29 12:00:00', '2019-12-29 12:00:00', 1151740345301131265, 1151740170113441793, 100);
INSERT INTO `port_goods` VALUES (1151740345322102785, '2019-12-29 12:00:00', '2019-12-29 12:00:00', 1151740345301131265, 1151740170297991170, 70);
INSERT INTO `port_goods` VALUES (1151740345334685697, '2019-12-29 12:00:00', '2019-12-29 12:00:00', 1151740345326297090, 1151740170067304449, 50);
INSERT INTO `port_goods` VALUES (1151740345338880001, '2019-12-29 12:00:00', '2019-12-29 12:00:00', 1151740345326297090, 1151740170121830402, 450);
INSERT INTO `port_goods` VALUES (1151740345343074306, '2019-12-29 12:00:00', '2019-12-29 12:00:00', 1151740345326297090, 1151740170381877250, 200);
INSERT INTO `port_goods` VALUES (1151740345347268609, '2019-12-29 12:00:00', '2019-12-29 12:00:00', 1151740345326297090, 1151740170297991170, 70);
INSERT INTO `port_goods` VALUES (1151740345355657218, '2019-12-29 12:00:00', '2019-12-29 12:00:00', 1151740345351462914, 1151740170067304449, 50);
INSERT INTO `port_goods` VALUES (1151740345359851521, '2019-12-29 12:00:00', '2019-12-29 12:00:00', 1151740345351462914, 1151740170121830402, 380);
INSERT INTO `port_goods` VALUES (1151740345368240130, '2019-12-29 12:00:00', '2019-12-29 12:00:00', 1151740345351462914, 1151740170297991170, 70);
INSERT INTO `port_goods` VALUES (1151740345372434433, '2019-12-29 12:00:00', '2019-12-29 12:00:00', 1151740345351462914, 1151740170016972802, 400);
INSERT INTO `port_goods` VALUES (1151740345380823042, '2019-12-29 12:00:00', '2019-12-29 12:00:00', 1151740345376628738, 1151740170067304449, 80);
INSERT INTO `port_goods` VALUES (1151740345389211650, '2019-12-29 12:00:00', '2019-12-29 12:00:00', 1151740345376628738, 1151740170121830402, 400);
INSERT INTO `port_goods` VALUES (1151740345393405953, '2019-12-29 12:00:00', '2019-12-29 12:00:00', 1151740345376628738, 1151740170297991170, 50);
INSERT INTO `port_goods` VALUES (1151740345397600257, '2019-12-29 12:00:00', '2019-12-29 12:00:00', 1151740345376628738, 1151740170277019649, 300);
INSERT INTO `port_goods` VALUES (1151740345410183169, '2019-12-29 12:00:00', '2019-12-29 12:00:00', 1151740345405988865, 1151740170386071554, 80);
INSERT INTO `port_goods` VALUES (1151740345414377474, '2019-12-29 12:00:00', '2019-12-29 12:00:00', 1151740345405988865, 1151740170297991170, 60);
INSERT INTO `port_goods` VALUES (1151740345418571778, '2019-12-29 12:00:00', '2019-12-29 12:00:00', 1151740345405988865, 1151740170394460162, 100);
INSERT INTO `port_goods` VALUES (1151740345422766082, '2019-12-29 12:00:00', '2019-12-29 12:00:00', 1151740345405988865, 1151740169937281026, 30);
INSERT INTO `port_goods` VALUES (1151740345426960385, '2019-12-29 12:00:00', '2019-12-29 12:00:00', 1151740345405988865, 1151740169761120258, 200);
INSERT INTO `port_goods` VALUES (1151740345439543298, '2019-12-29 12:00:00', '2019-12-29 12:00:00', 1151740345435348993, 1151740170386071554, 50);
INSERT INTO `port_goods` VALUES (1151740345443737601, '2019-12-29 12:00:00', '2019-12-29 12:00:00', 1151740345435348993, 1151740170297991170, 50);
INSERT INTO `port_goods` VALUES (1151740345447931905, '2019-12-29 12:00:00', '2019-12-29 12:00:00', 1151740345435348993, 1151740170402848769, 100);
INSERT INTO `port_goods` VALUES (1151740345452126209, '2019-12-29 12:00:00', '2019-12-29 12:00:00', 1151740345435348993, 1151740170360905729, 100);
INSERT INTO `port_goods` VALUES (1151740345460514818, '2019-12-29 12:00:00', '2019-12-29 12:00:00', 1151740345435348993, 1151740170285408258, 170);
INSERT INTO `port_goods` VALUES (1151740345464709121, '2019-12-29 12:00:00', '2019-12-29 12:00:00', 1151740345435348993, 1151740170230882306, 240);
INSERT INTO `port_goods` VALUES (1151740345473097730, '2019-12-29 12:00:00', '2019-12-29 12:00:00', 1151740345468903426, 1151740169937281026, 70);
INSERT INTO `port_goods` VALUES (1151740345477292034, '2019-12-29 12:00:00', '2019-12-29 12:00:00', 1151740345468903426, 1151740170386071554, 90);
INSERT INTO `port_goods` VALUES (1151740345485680642, '2019-12-29 12:00:00', '2019-12-29 12:00:00', 1151740345468903426, 1151740170050527233, 100);
INSERT INTO `port_goods` VALUES (1151740345489874945, '2019-12-29 12:00:00', '2019-12-29 12:00:00', 1151740345468903426, 1151740169920503810, 90);
INSERT INTO `port_goods` VALUES (1151740345494069249, '2019-12-29 12:00:00', '2019-12-29 12:00:00', 1151740345468903426, 1151740170415431682, 50);
INSERT INTO `port_goods` VALUES (1151740345502457857, '2019-12-29 12:00:00', '2019-12-29 12:00:00', 1151740345468903426, 1151740170297991170, 70);
INSERT INTO `port_goods` VALUES (1151740345506652162, '2019-12-29 12:00:00', '2019-12-29 12:00:00', 1151740345468903426, 1151740170369294337, 190);
INSERT INTO `port_goods` VALUES (1151740345510846466, '2019-12-29 12:00:00', '2019-12-29 12:00:00', 1151740345468903426, 1151740170277019649, 310);
INSERT INTO `port_goods` VALUES (1151740345523429377, '2019-12-29 12:00:00', '2019-12-29 12:00:00', 1151740345519235074, 1151740169937281026, 50);
INSERT INTO `port_goods` VALUES (1151740345527623682, '2019-12-29 12:00:00', '2019-12-29 12:00:00', 1151740345519235074, 1151740170386071554, 50);
INSERT INTO `port_goods` VALUES (1151740345531817986, '2019-12-29 12:00:00', '2019-12-29 12:00:00', 1151740345519235074, 1151740170050527233, 70);
INSERT INTO `port_goods` VALUES (1151740345536012289, '2019-12-29 12:00:00', '2019-12-29 12:00:00', 1151740345519235074, 1151740169987612674, 40);
INSERT INTO `port_goods` VALUES (1151740345544400898, '2019-12-29 12:00:00', '2019-12-29 12:00:00', 1151740345519235074, 1151740170297991170, 70);
INSERT INTO `port_goods` VALUES (1151740345548595201, '2019-12-29 12:00:00', '2019-12-29 12:00:00', 1151740345519235074, 1151740169761120258, 200);
INSERT INTO `port_goods` VALUES (1151740345556983809, '2019-12-29 12:00:00', '2019-12-29 12:00:00', 1151740345552789505, 1151740169937281026, 70);
INSERT INTO `port_goods` VALUES (1151740345561178114, '2019-12-29 12:00:00', '2019-12-29 12:00:00', 1151740345552789505, 1151740170386071554, 90);
INSERT INTO `port_goods` VALUES (1151740345565372418, '2019-12-29 12:00:00', '2019-12-29 12:00:00', 1151740345552789505, 1151740170050527233, 100);
INSERT INTO `port_goods` VALUES (1151740345569566722, '2019-12-29 12:00:00', '2019-12-29 12:00:00', 1151740345552789505, 1151740170188939266, 100);
INSERT INTO `port_goods` VALUES (1151740345573761025, '2019-12-29 12:00:00', '2019-12-29 12:00:00', 1151740345552789505, 1151740170222493698, 150);
INSERT INTO `port_goods` VALUES (1151740345582149634, '2019-12-29 12:00:00', '2019-12-29 12:00:00', 1151740345552789505, 1151740170369294337, 200);
INSERT INTO `port_goods` VALUES (1151740345586343937, '2019-12-29 12:00:00', '2019-12-29 12:00:00', 1151740345552789505, 1151740170297991170, 70);
INSERT INTO `port_goods` VALUES (1151740345590538241, '2019-12-29 12:00:00', '2019-12-29 12:00:00', 1151740345552789505, 1151740170230882306, 260);
INSERT INTO `port_goods` VALUES (1151740345603121153, '2019-12-29 12:00:00', '2019-12-29 12:00:00', 1151740345598926850, 1151740169937281026, 50);
INSERT INTO `port_goods` VALUES (1151740345607315457, '2019-12-29 12:00:00', '2019-12-29 12:00:00', 1151740345598926850, 1151740170386071554, 50);
INSERT INTO `port_goods` VALUES (1151740345611509762, '2019-12-29 12:00:00', '2019-12-29 12:00:00', 1151740345598926850, 1151740170050527233, 90);
INSERT INTO `port_goods` VALUES (1151740345615704066, '2019-12-29 12:00:00', '2019-12-29 12:00:00', 1151740345598926850, 1151740170402848769, 120);
INSERT INTO `port_goods` VALUES (1151740345619898370, '2019-12-29 12:00:00', '2019-12-29 12:00:00', 1151740345598926850, 1151740170369294337, 200);
INSERT INTO `port_goods` VALUES (1151740345628286978, '2019-12-29 12:00:00', '2019-12-29 12:00:00', 1151740345598926850, 1151740170297991170, 70);
INSERT INTO `port_goods` VALUES (1151740345632481282, '2019-12-29 12:00:00', '2019-12-29 12:00:00', 1151740345598926850, 1151740169761120258, 200);
INSERT INTO `port_goods` VALUES (1151740345666035714, '2019-12-29 12:00:00', '2019-12-29 12:00:00', 1151740345661841409, 1151740170352517122, 50);
INSERT INTO `port_goods` VALUES (1151740345670230017, '2019-12-29 12:00:00', '2019-12-29 12:00:00', 1151740345661841409, 1151740170297991170, 80);
INSERT INTO `port_goods` VALUES (1151740345674424322, '2019-12-29 12:00:00', '2019-12-29 12:00:00', 1151740345661841409, 1151740170230882306, 120);
INSERT INTO `port_goods` VALUES (1151740345678618626, '2019-12-29 12:00:00', '2019-12-29 12:00:00', 1151740345661841409, 1151740170423820289, 160);
INSERT INTO `port_goods` VALUES (1151740345687007234, '2019-12-29 12:00:00', '2019-12-29 12:00:00', 1151740345661841409, 1151740170306379778, 70);
INSERT INTO `port_goods` VALUES (1151740345691201537, '2019-12-29 12:00:00', '2019-12-29 12:00:00', 1151740345661841409, 1151740170277019649, 100);
INSERT INTO `port_goods` VALUES (1151740345695395842, '2019-12-29 12:00:00', '2019-12-29 12:00:00', 1151740345661841409, 1151740170029555714, 100);
INSERT INTO `port_goods` VALUES (1151740345703784449, '2019-12-29 12:00:00', '2019-12-29 12:00:00', 1151740345699590146, 1151740170352517122, 60);
INSERT INTO `port_goods` VALUES (1151740345707978753, '2019-12-29 12:00:00', '2019-12-29 12:00:00', 1151740345699590146, 1151740170297991170, 70);
INSERT INTO `port_goods` VALUES (1151740345712173058, '2019-12-29 12:00:00', '2019-12-29 12:00:00', 1151740345699590146, 1151740170230882306, 120);
INSERT INTO `port_goods` VALUES (1151740345720561666, '2019-12-29 12:00:00', '2019-12-29 12:00:00', 1151740345699590146, 1151740170423820289, 200);
INSERT INTO `port_goods` VALUES (1151740345724755969, '2019-12-29 12:00:00', '2019-12-29 12:00:00', 1151740345699590146, 1151740170402848769, 350);
INSERT INTO `port_goods` VALUES (1151740345728950274, '2019-12-29 12:00:00', '2019-12-29 12:00:00', 1151740345699590146, 1151740170516094977, 100);
INSERT INTO `port_goods` VALUES (1151740345741533185, '2019-12-29 12:00:00', '2019-12-29 12:00:00', 1151740345733144577, 1151740170352517122, 50);
INSERT INTO `port_goods` VALUES (1151740345745727489, '2019-12-29 12:00:00', '2019-12-29 12:00:00', 1151740345733144577, 1151740170297991170, 70);
INSERT INTO `port_goods` VALUES (1151740345754116098, '2019-12-29 12:00:00', '2019-12-29 12:00:00', 1151740345733144577, 1151740170230882306, 150);
INSERT INTO `port_goods` VALUES (1151740345758310401, '2019-12-29 12:00:00', '2019-12-29 12:00:00', 1151740345733144577, 1151740170423820289, 170);
INSERT INTO `port_goods` VALUES (1151740345762504706, '2019-12-29 12:00:00', '2019-12-29 12:00:00', 1151740345733144577, 1151740169987612674, 200);
INSERT INTO `port_goods` VALUES (1151740345770893313, '2019-12-29 12:00:00', '2019-12-29 12:00:00', 1151740345766699009, 1151740170297991170, 60);
INSERT INTO `port_goods` VALUES (1151740345775087617, '2019-12-29 12:00:00', '2019-12-29 12:00:00', 1151740345766699009, 1151740170230882306, 100);
INSERT INTO `port_goods` VALUES (1151740345779281921, '2019-12-29 12:00:00', '2019-12-29 12:00:00', 1151740345766699009, 1151740170423820289, 210);
INSERT INTO `port_goods` VALUES (1151740345783476226, '2019-12-29 12:00:00', '2019-12-29 12:00:00', 1151740345766699009, 1151740170352517122, 55);
INSERT INTO `port_goods` VALUES (1151740345791864834, '2019-12-29 12:00:00', '2019-12-29 12:00:00', 1151740345766699009, 1151740170260242434, 150);
INSERT INTO `port_goods` VALUES (1151740345804447745, '2019-12-29 12:00:00', '2019-12-29 12:00:00', 1151740345796059137, 1151740170352517122, 70);
INSERT INTO `port_goods` VALUES (1151740345808642049, '2019-12-29 12:00:00', '2019-12-29 12:00:00', 1151740345796059137, 1151740170297991170, 60);
INSERT INTO `port_goods` VALUES (1151740345812836353, '2019-12-29 12:00:00', '2019-12-29 12:00:00', 1151740345796059137, 1151740170230882306, 110);
INSERT INTO `port_goods` VALUES (1151740345821224962, '2019-12-29 12:00:00', '2019-12-29 12:00:00', 1151740345796059137, 1151740170423820289, 190);
INSERT INTO `port_goods` VALUES (1151740345825419266, '2019-12-29 12:00:00', '2019-12-29 12:00:00', 1151740345796059137, 1151740170394460162, 90);
INSERT INTO `port_goods` VALUES (1151740345829613569, '2019-12-29 12:00:00', '2019-12-29 12:00:00', 1151740345796059137, 1151740170381877250, 130);
INSERT INTO `port_goods` VALUES (1151740345842196482, '2019-12-29 12:00:00', '2019-12-29 12:00:00', 1151740345838002177, 1151740170352517122, 40);
INSERT INTO `port_goods` VALUES (1151740345846390786, '2019-12-29 12:00:00', '2019-12-29 12:00:00', 1151740345838002177, 1151740170297991170, 70);
INSERT INTO `port_goods` VALUES (1151740345850585089, '2019-12-29 12:00:00', '2019-12-29 12:00:00', 1151740345838002177, 1151740170230882306, 100);
INSERT INTO `port_goods` VALUES (1151740345854779393, '2019-12-29 12:00:00', '2019-12-29 12:00:00', 1151740345838002177, 1151740170423820289, 180);
INSERT INTO `port_goods` VALUES (1151740345858973697, '2019-12-29 12:00:00', '2019-12-29 12:00:00', 1151740345838002177, 1151740170394460162, 80);
INSERT INTO `port_goods` VALUES (1151740345871556609, '2019-12-29 12:00:00', '2019-12-29 12:00:00', 1151740345867362305, 1151740170352517122, 50);
INSERT INTO `port_goods` VALUES (1151740345875750913, '2019-12-29 12:00:00', '2019-12-29 12:00:00', 1151740345867362305, 1151740170297991170, 55);
INSERT INTO `port_goods` VALUES (1151740345879945218, '2019-12-29 12:00:00', '2019-12-29 12:00:00', 1151740345867362305, 1151740170230882306, 140);
INSERT INTO `port_goods` VALUES (1151740345888333826, '2019-12-29 12:00:00', '2019-12-29 12:00:00', 1151740345867362305, 1151740170423820289, 160);
INSERT INTO `port_goods` VALUES (1151740345892528130, '2019-12-29 12:00:00', '2019-12-29 12:00:00', 1151740345867362305, 1151740170432208897, 130);
INSERT INTO `port_goods` VALUES (1151740345896722433, '2019-12-29 12:00:00', '2019-12-29 12:00:00', 1151740345867362305, 1151740170096664578, 150);
INSERT INTO `port_goods` VALUES (1151740345900916738, '2019-12-29 12:00:00', '2019-12-29 12:00:00', 1151740345867362305, 1151740170474151937, 320);
INSERT INTO `port_goods` VALUES (1151740345926082562, '2019-12-29 12:00:00', '2019-12-29 12:00:00', 1151740345921888258, 1151740170432208897, 100);
INSERT INTO `port_goods` VALUES (1151740345934471169, '2019-12-29 12:00:00', '2019-12-29 12:00:00', 1151740345921888258, 1151740170402848769, 100);
INSERT INTO `port_goods` VALUES (1151740345938665473, '2019-12-29 12:00:00', '2019-12-29 12:00:00', 1151740345921888258, 1151740170260242434, 60);
INSERT INTO `port_goods` VALUES (1151740345947054082, '2019-12-29 12:00:00', '2019-12-29 12:00:00', 1151740345921888258, 1151740170444791809, 50);
INSERT INTO `port_goods` VALUES (1151740345951248386, '2019-12-29 12:00:00', '2019-12-29 12:00:00', 1151740345921888258, 1151740170448986114, 100);
INSERT INTO `port_goods` VALUES (1151740345963831297, '2019-12-29 12:00:00', '2019-12-29 12:00:00', 1151740345959636994, 1151740170432208897, 100);
INSERT INTO `port_goods` VALUES (1151740345968025601, '2019-12-29 12:00:00', '2019-12-29 12:00:00', 1151740345959636994, 1151740170402848769, 100);
INSERT INTO `port_goods` VALUES (1151740345972219905, '2019-12-29 12:00:00', '2019-12-29 12:00:00', 1151740345959636994, 1151740170260242434, 50);
INSERT INTO `port_goods` VALUES (1151740345976414210, '2019-12-29 12:00:00', '2019-12-29 12:00:00', 1151740345959636994, 1151740170058915841, 80);
INSERT INTO `port_goods` VALUES (1151740345988997121, '2019-12-29 12:00:00', '2019-12-29 12:00:00', 1151740345980608514, 1151740170432208897, 100);
INSERT INTO `port_goods` VALUES (1151740345993191426, '2019-12-29 12:00:00', '2019-12-29 12:00:00', 1151740345980608514, 1151740170402848769, 120);
INSERT INTO `port_goods` VALUES (1151740345997385729, '2019-12-29 12:00:00', '2019-12-29 12:00:00', 1151740345980608514, 1151740170260242434, 50);
INSERT INTO `port_goods` VALUES (1151740346001580034, '2019-12-29 12:00:00', '2019-12-29 12:00:00', 1151740345980608514, 1151740170457374721, 170);
INSERT INTO `port_goods` VALUES (1151740346014162946, '2019-12-29 12:00:00', '2019-12-29 12:00:00', 1151740346005774338, 1151740170432208897, 100);
INSERT INTO `port_goods` VALUES (1151740346018357249, '2019-12-29 12:00:00', '2019-12-29 12:00:00', 1151740346005774338, 1151740170402848769, 120);
INSERT INTO `port_goods` VALUES (1151740346022551554, '2019-12-29 12:00:00', '2019-12-29 12:00:00', 1151740346005774338, 1151740170260242434, 50);
INSERT INTO `port_goods` VALUES (1151740346026745858, '2019-12-29 12:00:00', '2019-12-29 12:00:00', 1151740346005774338, 1151740170297991170, 50);
INSERT INTO `port_goods` VALUES (1151740346039328769, '2019-12-29 12:00:00', '2019-12-29 12:00:00', 1151740346030940162, 1151740170432208897, 100);
INSERT INTO `port_goods` VALUES (1151740346043523074, '2019-12-29 12:00:00', '2019-12-29 12:00:00', 1151740346030940162, 1151740170402848769, 100);
INSERT INTO `port_goods` VALUES (1151740346064494594, '2019-12-29 12:00:00', '2019-12-29 12:00:00', 1151740346030940162, 1151740170260242434, 40);
INSERT INTO `port_goods` VALUES (1151740346068688897, '2019-12-29 12:00:00', '2019-12-29 12:00:00', 1151740346030940162, 1151740170050527233, 50);
INSERT INTO `port_goods` VALUES (1151740346072883202, '2019-12-29 12:00:00', '2019-12-29 12:00:00', 1151740346030940162, 1151740170230882306, 280);
INSERT INTO `port_goods` VALUES (1151740346085466113, '2019-12-29 12:00:00', '2019-12-29 12:00:00', 1151740346081271809, 1151740170432208897, 100);
INSERT INTO `port_goods` VALUES (1151740346089660418, '2019-12-29 12:00:00', '2019-12-29 12:00:00', 1151740346081271809, 1151740170402848769, 100);
INSERT INTO `port_goods` VALUES (1151740346093854721, '2019-12-29 12:00:00', '2019-12-29 12:00:00', 1151740346081271809, 1151740170260242434, 40);
INSERT INTO `port_goods` VALUES (1151740346102243330, '2019-12-29 12:00:00', '2019-12-29 12:00:00', 1151740346081271809, 1151740170465763329, 90);
INSERT INTO `port_goods` VALUES (1151740346110631938, '2019-12-29 12:00:00', '2019-12-29 12:00:00', 1151740346106437633, 1151740170432208897, 100);
INSERT INTO `port_goods` VALUES (1151740346114826242, '2019-12-29 12:00:00', '2019-12-29 12:00:00', 1151740346106437633, 1151740170352517122, 100);
INSERT INTO `port_goods` VALUES (1151740346119020545, '2019-12-29 12:00:00', '2019-12-29 12:00:00', 1151740346106437633, 1151740170386071554, 90);
INSERT INTO `port_goods` VALUES (1151740346127409153, '2019-12-29 12:00:00', '2019-12-29 12:00:00', 1151740346106437633, 1151740169920503810, 50);
INSERT INTO `port_goods` VALUES (1151740346135797761, '2019-12-29 12:00:00', '2019-12-29 12:00:00', 1151740346131603457, 1151740170432208897, 100);
INSERT INTO `port_goods` VALUES (1151740346139992066, '2019-12-29 12:00:00', '2019-12-29 12:00:00', 1151740346131603457, 1151740170352517122, 100);
INSERT INTO `port_goods` VALUES (1151740346144186370, '2019-12-29 12:00:00', '2019-12-29 12:00:00', 1151740346131603457, 1151740170386071554, 100);
INSERT INTO `port_goods` VALUES (1151740346148380674, '2019-12-29 12:00:00', '2019-12-29 12:00:00', 1151740346131603457, 1151740170058915841, 100);
INSERT INTO `port_goods` VALUES (1151740346160963586, '2019-12-29 12:00:00', '2019-12-29 12:00:00', 1151740346156769282, 1151740170432208897, 100);
INSERT INTO `port_goods` VALUES (1151740346165157890, '2019-12-29 12:00:00', '2019-12-29 12:00:00', 1151740346156769282, 1151740170352517122, 120);
INSERT INTO `port_goods` VALUES (1151740346169352193, '2019-12-29 12:00:00', '2019-12-29 12:00:00', 1151740346156769282, 1151740170386071554, 80);
INSERT INTO `port_goods` VALUES (1151740346181935105, '2019-12-29 12:00:00', '2019-12-29 12:00:00', 1151740346173546498, 1151740170432208897, 100);
INSERT INTO `port_goods` VALUES (1151740346186129410, '2019-12-29 12:00:00', '2019-12-29 12:00:00', 1151740346173546498, 1151740170352517122, 100);
INSERT INTO `port_goods` VALUES (1151740346190323714, '2019-12-29 12:00:00', '2019-12-29 12:00:00', 1151740346173546498, 1151740170386071554, 70);
INSERT INTO `port_goods` VALUES (1151740346194518018, '2019-12-29 12:00:00', '2019-12-29 12:00:00', 1151740346173546498, 1151740170050527233, 50);
INSERT INTO `port_goods` VALUES (1151740346207100930, '2019-12-29 12:00:00', '2019-12-29 12:00:00', 1151740346202906626, 1151740170432208897, 100);
INSERT INTO `port_goods` VALUES (1151740346211295234, '2019-12-29 12:00:00', '2019-12-29 12:00:00', 1151740346202906626, 1151740170352517122, 150);
INSERT INTO `port_goods` VALUES (1151740346215489538, '2019-12-29 12:00:00', '2019-12-29 12:00:00', 1151740346202906626, 1151740170386071554, 70);
INSERT INTO `port_goods` VALUES (1151740346223878146, '2019-12-29 12:00:00', '2019-12-29 12:00:00', 1151740346202906626, 1151740170457374721, 180);
INSERT INTO `port_goods` VALUES (1151740346232266754, '2019-12-29 12:00:00', '2019-12-29 12:00:00', 1151740346228072450, 1151740170432208897, 100);
INSERT INTO `port_goods` VALUES (1151740346236461057, '2019-12-29 12:00:00', '2019-12-29 12:00:00', 1151740346228072450, 1151740170386071554, 50);
INSERT INTO `port_goods` VALUES (1151740346244849665, '2019-12-29 12:00:00', '2019-12-29 12:00:00', 1151740346228072450, 1151740170352517122, 150);
INSERT INTO `port_goods` VALUES (1151740346253238274, '2019-12-29 12:00:00', '2019-12-29 12:00:00', 1151740346249043970, 1151740170432208897, 100);
INSERT INTO `port_goods` VALUES (1151740346257432577, '2019-12-29 12:00:00', '2019-12-29 12:00:00', 1151740346249043970, 1151740170352517122, 130);
INSERT INTO `port_goods` VALUES (1151740346261626881, '2019-12-29 12:00:00', '2019-12-29 12:00:00', 1151740346249043970, 1151740170386071554, 60);
INSERT INTO `port_goods` VALUES (1151740346278404097, '2019-12-29 12:00:00', '2019-12-29 12:00:00', 1151740346274209794, 1151740170432208897, 90);
INSERT INTO `port_goods` VALUES (1151740346282598402, '2019-12-29 12:00:00', '2019-12-29 12:00:00', 1151740346274209794, 1151740170474151937, 130);
INSERT INTO `port_goods` VALUES (1151740346286792705, '2019-12-29 12:00:00', '2019-12-29 12:00:00', 1151740346274209794, 1151740170482540546, 50);
INSERT INTO `port_goods` VALUES (1151740346290987009, '2019-12-29 12:00:00', '2019-12-29 12:00:00', 1151740346274209794, 1151740170016972802, 250);
INSERT INTO `port_goods` VALUES (1151740346299375618, '2019-12-29 12:00:00', '2019-12-29 12:00:00', 1151740346274209794, 1151740169928892418, 200);
INSERT INTO `port_goods` VALUES (1151740346320347137, '2019-12-29 12:00:00', '2019-12-29 12:00:00', 1151740346311958530, 1151740170432208897, 80);
INSERT INTO `port_goods` VALUES (1151740346324541441, '2019-12-29 12:00:00', '2019-12-29 12:00:00', 1151740346311958530, 1151740170474151937, 150);
INSERT INTO `port_goods` VALUES (1151740346328735746, '2019-12-29 12:00:00', '2019-12-29 12:00:00', 1151740346311958530, 1151740170482540546, 50);
INSERT INTO `port_goods` VALUES (1151740346332930050, '2019-12-29 12:00:00', '2019-12-29 12:00:00', 1151740346311958530, 1151740170016972802, 255);
INSERT INTO `port_goods` VALUES (1151740346337124353, '2019-12-29 12:00:00', '2019-12-29 12:00:00', 1151740346311958530, 1151740170008584194, 150);
INSERT INTO `port_goods` VALUES (1151740346345512961, '2019-12-29 12:00:00', '2019-12-29 12:00:00', 1151740346311958530, 1151740170381877250, 230);
INSERT INTO `port_goods` VALUES (1151740346366484482, '2019-12-29 12:00:00', '2019-12-29 12:00:00', 1151740346362290177, 1151740170432208897, 90);
INSERT INTO `port_goods` VALUES (1151740346370678785, '2019-12-29 12:00:00', '2019-12-29 12:00:00', 1151740346362290177, 1151740170474151937, 150);
INSERT INTO `port_goods` VALUES (1151740346379067394, '2019-12-29 12:00:00', '2019-12-29 12:00:00', 1151740346362290177, 1151740170482540546, 40);
INSERT INTO `port_goods` VALUES (1151740346383261698, '2019-12-29 12:00:00', '2019-12-29 12:00:00', 1151740346362290177, 1151740170016972802, 250);
INSERT INTO `port_goods` VALUES (1151740346391650305, '2019-12-29 12:00:00', '2019-12-29 12:00:00', 1151740346362290177, 1151740170465763329, 100);
INSERT INTO `port_goods` VALUES (1151740346395844610, '2019-12-29 12:00:00', '2019-12-29 12:00:00', 1151740346362290177, 1151740170394460162, 180);
INSERT INTO `port_goods` VALUES (1151740346416816129, '2019-12-29 12:00:00', '2019-12-29 12:00:00', 1151740346412621825, 1151740170432208897, 75);
INSERT INTO `port_goods` VALUES (1151740346425204737, '2019-12-29 12:00:00', '2019-12-29 12:00:00', 1151740346412621825, 1151740170474151937, 110);
INSERT INTO `port_goods` VALUES (1151740346429399041, '2019-12-29 12:00:00', '2019-12-29 12:00:00', 1151740346412621825, 1151740170482540546, 60);
INSERT INTO `port_goods` VALUES (1151740346433593345, '2019-12-29 12:00:00', '2019-12-29 12:00:00', 1151740346412621825, 1151740170016972802, 240);
INSERT INTO `port_goods` VALUES (1151740346441981954, '2019-12-29 12:00:00', '2019-12-29 12:00:00', 1151740346412621825, 1151740170134413313, 80);
INSERT INTO `port_goods` VALUES (1151740346462953474, '2019-12-29 12:00:00', '2019-12-29 12:00:00', 1151740346454564866, 1151740170432208897, 90);
INSERT INTO `port_goods` VALUES (1151740346467147778, '2019-12-29 12:00:00', '2019-12-29 12:00:00', 1151740346454564866, 1151740170474151937, 120);
INSERT INTO `port_goods` VALUES (1151740346471342081, '2019-12-29 12:00:00', '2019-12-29 12:00:00', 1151740346454564866, 1151740170482540546, 50);
INSERT INTO `port_goods` VALUES (1151740346475536385, '2019-12-29 12:00:00', '2019-12-29 12:00:00', 1151740346454564866, 1151740170016972802, 250);
INSERT INTO `port_goods` VALUES (1151740346479730690, '2019-12-29 12:00:00', '2019-12-29 12:00:00', 1151740346454564866, 1151740170230882306, 200);
INSERT INTO `port_goods` VALUES (1151740346483924994, '2019-12-29 12:00:00', '2019-12-29 12:00:00', 1151740346454564866, 1151740169970835457, 120);
INSERT INTO `port_goods` VALUES (1151740346509090817, '2019-12-29 12:00:00', '2019-12-29 12:00:00', 1151740346504896514, 1151740170432208897, 100);
INSERT INTO `port_goods` VALUES (1151740346513285122, '2019-12-29 12:00:00', '2019-12-29 12:00:00', 1151740346504896514, 1151740170474151937, 120);
INSERT INTO `port_goods` VALUES (1151740346517479426, '2019-12-29 12:00:00', '2019-12-29 12:00:00', 1151740346504896514, 1151740170482540546, 70);
INSERT INTO `port_goods` VALUES (1151740346521673729, '2019-12-29 12:00:00', '2019-12-29 12:00:00', 1151740346504896514, 1151740170016972802, 260);
INSERT INTO `port_goods` VALUES (1151740346530062337, '2019-12-29 12:00:00', '2019-12-29 12:00:00', 1151740346504896514, 1151740170029555714, 150);
INSERT INTO `port_goods` VALUES (1151740346534256641, '2019-12-29 12:00:00', '2019-12-29 12:00:00', 1151740346504896514, 1151740169996001281, 300);
INSERT INTO `port_goods` VALUES (1151740346555228162, '2019-12-29 12:00:00', '2019-12-29 12:00:00', 1151740346551033857, 1151740170432208897, 90);
INSERT INTO `port_goods` VALUES (1151740346559422465, '2019-12-29 12:00:00', '2019-12-29 12:00:00', 1151740346551033857, 1151740170474151937, 130);
INSERT INTO `port_goods` VALUES (1151740346563616770, '2019-12-29 12:00:00', '2019-12-29 12:00:00', 1151740346551033857, 1151740170482540546, 60);
INSERT INTO `port_goods` VALUES (1151740346567811074, '2019-12-29 12:00:00', '2019-12-29 12:00:00', 1151740346551033857, 1151740170016972802, 240);
INSERT INTO `port_goods` VALUES (1151740346572005377, '2019-12-29 12:00:00', '2019-12-29 12:00:00', 1151740346551033857, 1151740170113441793, 350);
INSERT INTO `port_goods` VALUES (1151740346580393985, '2019-12-29 12:00:00', '2019-12-29 12:00:00', 1151740346551033857, 1151740170335739905, 100);
INSERT INTO `port_goods` VALUES (1151740346597171202, '2019-12-29 12:00:00', '2019-12-29 12:00:00', 1151740346592976897, 1151740170432208897, 85);
INSERT INTO `port_goods` VALUES (1151740346605559809, '2019-12-29 12:00:00', '2019-12-29 12:00:00', 1151740346592976897, 1151740170474151937, 110);
INSERT INTO `port_goods` VALUES (1151740346609754114, '2019-12-29 12:00:00', '2019-12-29 12:00:00', 1151740346592976897, 1151740170482540546, 60);
INSERT INTO `port_goods` VALUES (1151740346613948417, '2019-12-29 12:00:00', '2019-12-29 12:00:00', 1151740346592976897, 1151740170016972802, 250);
INSERT INTO `port_goods` VALUES (1151740346618142722, '2019-12-29 12:00:00', '2019-12-29 12:00:00', 1151740346592976897, 1151740170457374721, 200);
INSERT INTO `port_goods` VALUES (1151740346639114242, '2019-12-29 12:00:00', '2019-12-29 12:00:00', 1151740346634919937, 1151740170432208897, 65);
INSERT INTO `port_goods` VALUES (1151740346643308546, '2019-12-29 12:00:00', '2019-12-29 12:00:00', 1151740346634919937, 1151740170008584194, 110);
INSERT INTO `port_goods` VALUES (1151740346647502849, '2019-12-29 12:00:00', '2019-12-29 12:00:00', 1151740346634919937, 1151740169954058242, 250);
INSERT INTO `port_goods` VALUES (1151740346651697154, '2019-12-29 12:00:00', '2019-12-29 12:00:00', 1151740346634919937, 1151740169907920897, 400);
INSERT INTO `port_goods` VALUES (1151740346676862978, '2019-12-29 12:00:00', '2019-12-29 12:00:00', 1151740346672668673, 1151740170432208897, 70);
INSERT INTO `port_goods` VALUES (1151740346681057281, '2019-12-29 12:00:00', '2019-12-29 12:00:00', 1151740346672668673, 1151740170008584194, 120);
INSERT INTO `port_goods` VALUES (1151740346685251585, '2019-12-29 12:00:00', '2019-12-29 12:00:00', 1151740346672668673, 1151740170134413313, 70);
INSERT INTO `port_goods` VALUES (1151740346689445890, '2019-12-29 12:00:00', '2019-12-29 12:00:00', 1151740346672668673, 1151740169954058242, 270);
INSERT INTO `port_goods` VALUES (1151740346693640194, '2019-12-29 12:00:00', '2019-12-29 12:00:00', 1151740346672668673, 1151740169920503810, 290);
INSERT INTO `port_goods` VALUES (1151740346752360449, '2019-12-29 12:00:00', '2019-12-29 12:00:00', 1151740346748166145, 1151740170344128514, 120);
INSERT INTO `port_goods` VALUES (1151740346756554754, '2019-12-29 12:00:00', '2019-12-29 12:00:00', 1151740346748166145, 1151740170490929154, 20);
INSERT INTO `port_goods` VALUES (1151740346760749057, '2019-12-29 12:00:00', '2019-12-29 12:00:00', 1151740346748166145, 1151740170029555714, 50);
INSERT INTO `port_goods` VALUES (1151740346769137665, '2019-12-29 12:00:00', '2019-12-29 12:00:00', 1151740346764943362, 1151740170344128514, 120);
INSERT INTO `port_goods` VALUES (1151740346773331970, '2019-12-29 12:00:00', '2019-12-29 12:00:00', 1151740346764943362, 1151740170490929154, 20);
INSERT INTO `port_goods` VALUES (1151740346777526273, '2019-12-29 12:00:00', '2019-12-29 12:00:00', 1151740346764943362, 1151740170394460162, 100);
INSERT INTO `port_goods` VALUES (1151740346790109185, '2019-12-29 12:00:00', '2019-12-29 12:00:00', 1151740346785914882, 1151740170344128514, 130);
INSERT INTO `port_goods` VALUES (1151740346794303490, '2019-12-29 12:00:00', '2019-12-29 12:00:00', 1151740346785914882, 1151740170490929154, 20);
INSERT INTO `port_goods` VALUES (1151740346802692097, '2019-12-29 12:00:00', '2019-12-29 12:00:00', 1151740346785914882, 1151740170029555714, 50);
INSERT INTO `port_goods` VALUES (1151740346811080705, '2019-12-29 12:00:00', '2019-12-29 12:00:00', 1151740346806886402, 1151740170344128514, 120);
INSERT INTO `port_goods` VALUES (1151740346815275009, '2019-12-29 12:00:00', '2019-12-29 12:00:00', 1151740346806886402, 1151740170490929154, 20);
INSERT INTO `port_goods` VALUES (1151740346819469313, '2019-12-29 12:00:00', '2019-12-29 12:00:00', 1151740346806886402, 1151740170402848769, 100);
INSERT INTO `port_goods` VALUES (1151740346832052226, '2019-12-29 12:00:00', '2019-12-29 12:00:00', 1151740346823663618, 1151740170344128514, 120);
INSERT INTO `port_goods` VALUES (1151740346836246529, '2019-12-29 12:00:00', '2019-12-29 12:00:00', 1151740346823663618, 1151740170490929154, 20);
INSERT INTO `port_goods` VALUES (1151740346840440833, '2019-12-29 12:00:00', '2019-12-29 12:00:00', 1151740346823663618, 1151740170050527233, 100);
INSERT INTO `port_goods` VALUES (1151740346848829442, '2019-12-29 12:00:00', '2019-12-29 12:00:00', 1151740346844635138, 1151740170499317761, 20);
INSERT INTO `port_goods` VALUES (1151740346853023745, '2019-12-29 12:00:00', '2019-12-29 12:00:00', 1151740346844635138, 1151740170507706369, 20);
INSERT INTO `port_goods` VALUES (1151740346865606658, '2019-12-29 12:00:00', '2019-12-29 12:00:00', 1151740346861412354, 1151740170499317761, 20);
INSERT INTO `port_goods` VALUES (1151740346869800961, '2019-12-29 12:00:00', '2019-12-29 12:00:00', 1151740346861412354, 1151740170507706369, 20);
INSERT INTO `port_goods` VALUES (1151740346878189570, '2019-12-29 12:00:00', '2019-12-29 12:00:00', 1151740346873995266, 1151740170499317761, 22);
INSERT INTO `port_goods` VALUES (1151740346882383873, '2019-12-29 12:00:00', '2019-12-29 12:00:00', 1151740346873995266, 1151740170507706369, 30);
INSERT INTO `port_goods` VALUES (1151740346886578177, '2019-12-29 12:00:00', '2019-12-29 12:00:00', 1151740346873995266, 1151740170444791809, 100);
INSERT INTO `port_goods` VALUES (1151740346899161090, '2019-12-29 12:00:00', '2019-12-29 12:00:00', 1151740346890772482, 1151740170507706369, 20);
INSERT INTO `port_goods` VALUES (1151740346903355393, '2019-12-29 12:00:00', '2019-12-29 12:00:00', 1151740346890772482, 1151740170499317761, 25);
INSERT INTO `port_goods` VALUES (1151740346907549697, '2019-12-29 12:00:00', '2019-12-29 12:00:00', 1151740346890772482, 1151740170448986114, 200);
INSERT INTO `port_goods` VALUES (1151740346920132609, '2019-12-29 12:00:00', '2019-12-29 12:00:00', 1151740346915938305, 1151740170499317761, 20);
INSERT INTO `port_goods` VALUES (1151740346924326914, '2019-12-29 12:00:00', '2019-12-29 12:00:00', 1151740346915938305, 1151740170507706369, 20);
INSERT INTO `port_goods` VALUES (1151740346932715522, '2019-12-29 12:00:00', '2019-12-29 12:00:00', 1151740346928521218, 1151740170499317761, 21);
INSERT INTO `port_goods` VALUES (1151740346936909826, '2019-12-29 12:00:00', '2019-12-29 12:00:00', 1151740346928521218, 1151740170507706369, 20);
INSERT INTO `port_goods` VALUES (1151740346945298434, '2019-12-29 12:00:00', '2019-12-29 12:00:00', 1151740346928521218, 1151740170448986114, 200);
INSERT INTO `port_goods` VALUES (1151740346953687042, '2019-12-29 12:00:00', '2019-12-29 12:00:00', 1151740346949492737, 1151740170260242434, 60);
INSERT INTO `port_goods` VALUES (1151740346957881346, '2019-12-29 12:00:00', '2019-12-29 12:00:00', 1151740346949492737, 1151740170201522177, 40);
INSERT INTO `port_goods` VALUES (1151740346962075650, '2019-12-29 12:00:00', '2019-12-29 12:00:00', 1151740346949492737, 1151740170465763329, 120);
INSERT INTO `port_goods` VALUES (1151740346970464258, '2019-12-29 12:00:00', '2019-12-29 12:00:00', 1151740346966269954, 1151740170260242434, 50);
INSERT INTO `port_goods` VALUES (1151740346974658561, '2019-12-29 12:00:00', '2019-12-29 12:00:00', 1151740346966269954, 1151740170201522177, 40);
INSERT INTO `port_goods` VALUES (1151740346978852865, '2019-12-29 12:00:00', '2019-12-29 12:00:00', 1151740346966269954, 1151740170490929154, 30);
INSERT INTO `port_goods` VALUES (1151740346991435777, '2019-12-29 12:00:00', '2019-12-29 12:00:00', 1151740346983047169, 1151740170260242434, 50);
INSERT INTO `port_goods` VALUES (1151740346995630082, '2019-12-29 12:00:00', '2019-12-29 12:00:00', 1151740346983047169, 1151740170201522177, 35);
INSERT INTO `port_goods` VALUES (1151740346999824386, '2019-12-29 12:00:00', '2019-12-29 12:00:00', 1151740346983047169, 1151740170096664578, 100);
INSERT INTO `port_goods` VALUES (1151740347004018689, '2019-12-29 12:00:00', '2019-12-29 12:00:00', 1151740346983047169, 1151740170448986114, 200);
INSERT INTO `port_goods` VALUES (1151740347012407298, '2019-12-29 12:00:00', '2019-12-29 12:00:00', 1151740347008212994, 1151740170260242434, 50);
INSERT INTO `port_goods` VALUES (1151740347020795905, '2019-12-29 12:00:00', '2019-12-29 12:00:00', 1151740347008212994, 1151740170201522177, 40);
INSERT INTO `port_goods` VALUES (1151740347024990210, '2019-12-29 12:00:00', '2019-12-29 12:00:00', 1151740347008212994, 1151740170029555714, 50);
INSERT INTO `port_goods` VALUES (1151740347033378818, '2019-12-29 12:00:00', '2019-12-29 12:00:00', 1151740347029184514, 1151740170260242434, 40);
INSERT INTO `port_goods` VALUES (1151740347037573121, '2019-12-29 12:00:00', '2019-12-29 12:00:00', 1151740347029184514, 1151740170201522177, 45);
INSERT INTO `port_goods` VALUES (1151740347045961729, '2019-12-29 12:00:00', '2019-12-29 12:00:00', 1151740347029184514, 1151740169996001281, 250);
INSERT INTO `port_goods` VALUES (1151740347054350338, '2019-12-29 12:00:00', '2019-12-29 12:00:00', 1151740347050156034, 1151740170260242434, 40);
INSERT INTO `port_goods` VALUES (1151740347058544642, '2019-12-29 12:00:00', '2019-12-29 12:00:00', 1151740347050156034, 1151740170201522177, 40);
INSERT INTO `port_goods` VALUES (1151740347062738946, '2019-12-29 12:00:00', '2019-12-29 12:00:00', 1151740347050156034, 1151740170457374721, 300);
INSERT INTO `port_goods` VALUES (1151740347071127553, '2019-12-29 12:00:00', '2019-12-29 12:00:00', 1151740347066933249, 1151740170499317761, 25);
INSERT INTO `port_goods` VALUES (1151740347075321857, '2019-12-29 12:00:00', '2019-12-29 12:00:00', 1151740347066933249, 1151740170029555714, 50);
INSERT INTO `port_goods` VALUES (1151740347087904770, '2019-12-29 12:00:00', '2019-12-29 12:00:00', 1151740347083710466, 1151740170499317761, 30);
INSERT INTO `port_goods` VALUES (1151740347096293378, '2019-12-29 12:00:00', '2019-12-29 12:00:00', 1151740347092099074, 1151740170499317761, 30);
INSERT INTO `port_goods` VALUES (1151740347100487682, '2019-12-29 12:00:00', '2019-12-29 12:00:00', 1151740347092099074, 1151740170134413313, 70);

-- ----------------------------
-- Table structure for port_ship
-- ----------------------------
DROP TABLE IF EXISTS `port_ship`;
CREATE TABLE `port_ship`  (
  `id` bigint(20) UNSIGNED NOT NULL,
  `create_time` datetime(0) NOT NULL,
  `modified_time` datetime(0) NOT NULL,
  `port_id` bigint(20) UNSIGNED NOT NULL,
  `ship_id` bigint(20) UNSIGNED NOT NULL,
  PRIMARY KEY (`id`) USING BTREE
) ENGINE = InnoDB CHARACTER SET = utf8mb4 COLLATE = utf8mb4_general_ci ROW_FORMAT = Dynamic;

-- ----------------------------
-- Records of port_ship
-- ----------------------------
INSERT INTO `port_ship` VALUES (1151740343224950785, '2019-12-29 12:00:00', '2019-12-29 12:00:00', 1151740343166230529, 1151740170730004482);
INSERT INTO `port_ship` VALUES (1151740343233339394, '2019-12-29 12:00:00', '2019-12-29 12:00:00', 1151740343166230529, 1151740170750976002);
INSERT INTO `port_ship` VALUES (1151740343287865346, '2019-12-29 12:00:00', '2019-12-29 12:00:00', 1151740343241728001, 1151740170662895618);
INSERT INTO `port_ship` VALUES (1151740343296253954, '2019-12-29 12:00:00', '2019-12-29 12:00:00', 1151740343241728001, 1151740170742587394);
INSERT INTO `port_ship` VALUES (1151740343304642561, '2019-12-29 12:00:00', '2019-12-29 12:00:00', 1151740343241728001, 1151740170750976002);
INSERT INTO `port_ship` VALUES (1151740346303569922, '2019-12-29 12:00:00', '2019-12-29 12:00:00', 1151740346274209794, 1151740170671284225);
INSERT INTO `port_ship` VALUES (1151740346307764226, '2019-12-29 12:00:00', '2019-12-29 12:00:00', 1151740346274209794, 1151740170759364610);
INSERT INTO `port_ship` VALUES (1151740346349707266, '2019-12-29 12:00:00', '2019-12-29 12:00:00', 1151740346311958530, 1151740170671284225);
INSERT INTO `port_ship` VALUES (1151740346353901570, '2019-12-29 12:00:00', '2019-12-29 12:00:00', 1151740346311958530, 1151740170759364610);
INSERT INTO `port_ship` VALUES (1151740346404233218, '2019-12-29 12:00:00', '2019-12-29 12:00:00', 1151740346362290177, 1151740170671284225);
INSERT INTO `port_ship` VALUES (1151740346408427521, '2019-12-29 12:00:00', '2019-12-29 12:00:00', 1151740346362290177, 1151740170759364610);
INSERT INTO `port_ship` VALUES (1151740346446176257, '2019-12-29 12:00:00', '2019-12-29 12:00:00', 1151740346412621825, 1151740170671284225);
INSERT INTO `port_ship` VALUES (1151740346450370561, '2019-12-29 12:00:00', '2019-12-29 12:00:00', 1151740346412621825, 1151740170759364610);
INSERT INTO `port_ship` VALUES (1151740346492313601, '2019-12-29 12:00:00', '2019-12-29 12:00:00', 1151740346454564866, 1151740170671284225);
INSERT INTO `port_ship` VALUES (1151740346496507906, '2019-12-29 12:00:00', '2019-12-29 12:00:00', 1151740346454564866, 1151740170759364610);
INSERT INTO `port_ship` VALUES (1151740346538450946, '2019-12-29 12:00:00', '2019-12-29 12:00:00', 1151740346504896514, 1151740170671284225);
INSERT INTO `port_ship` VALUES (1151740346542645249, '2019-12-29 12:00:00', '2019-12-29 12:00:00', 1151740346504896514, 1151740170759364610);
INSERT INTO `port_ship` VALUES (1151740346584588289, '2019-12-29 12:00:00', '2019-12-29 12:00:00', 1151740346551033857, 1151740170671284225);
INSERT INTO `port_ship` VALUES (1151740346588782594, '2019-12-29 12:00:00', '2019-12-29 12:00:00', 1151740346551033857, 1151740170759364610);
INSERT INTO `port_ship` VALUES (1151740346622337026, '2019-12-29 12:00:00', '2019-12-29 12:00:00', 1151740346592976897, 1151740170671284225);
INSERT INTO `port_ship` VALUES (1151740346626531330, '2019-12-29 12:00:00', '2019-12-29 12:00:00', 1151740346592976897, 1151740170759364610);
INSERT INTO `port_ship` VALUES (1151740346655891458, '2019-12-29 12:00:00', '2019-12-29 12:00:00', 1151740346634919937, 1151740170709032962);
INSERT INTO `port_ship` VALUES (1151740346664280066, '2019-12-29 12:00:00', '2019-12-29 12:00:00', 1151740346634919937, 1151740170717421570);
INSERT INTO `port_ship` VALUES (1151740346668474369, '2019-12-29 12:00:00', '2019-12-29 12:00:00', 1151740346634919937, 1151740170725810177);
INSERT INTO `port_ship` VALUES (1151740346697834498, '2019-12-29 12:00:00', '2019-12-29 12:00:00', 1151740346672668673, 1151740170709032962);
INSERT INTO `port_ship` VALUES (1151740346702028801, '2019-12-29 12:00:00', '2019-12-29 12:00:00', 1151740346672668673, 1151740170717421570);
INSERT INTO `port_ship` VALUES (1151740346706223105, '2019-12-29 12:00:00', '2019-12-29 12:00:00', 1151740346672668673, 1151740170725810177);

-- ----------------------------
-- Table structure for ship
-- ----------------------------
DROP TABLE IF EXISTS `ship`;
CREATE TABLE `ship`  (
  `id` bigint(20) UNSIGNED NOT NULL,
  `create_time` datetime(0) NOT NULL,
  `modified_time` datetime(0) NOT NULL,
  `type` enum('SHIP','ATTACK','COMMAND','NAVIGATION') CHARACTER SET utf8mb4 COLLATE utf8mb4_general_ci NOT NULL,
  `name` varchar(255) CHARACTER SET utf8mb4 COLLATE utf8mb4_general_ci NOT NULL,
  `price` int(11) NOT NULL,
  `hp` int(11) NOT NULL,
  `speed` decimal(11, 1) NOT NULL,
  `volume` int(11) NOT NULL,
  `img_path` varchar(255) CHARACTER SET utf8mb4 COLLATE utf8mb4_general_ci NOT NULL,
  `is_secret` tinyint(1) UNSIGNED NOT NULL,
  `secret_money` int(11) NOT NULL,
  PRIMARY KEY (`id`) USING BTREE
) ENGINE = InnoDB CHARACTER SET = utf8mb4 COLLATE = utf8mb4_general_ci ROW_FORMAT = Dynamic;

-- ----------------------------
-- Records of ship
-- ----------------------------
INSERT INTO `ship` VALUES (1151740170549649409, '2019-12-29 12:00:00', '2019-12-29 12:00:00', 'SHIP', '輕木帆船', 1200, 70, 8.0, 50, '/img/ship/balsha.gif', 0, 0);
INSERT INTO `ship` VALUES (1151740170566426626, '2019-12-29 12:00:00', '2019-12-29 12:00:00', 'SHIP', '單桅帆船', 1300, 50, 8.5, 60, '/img/ship/cog.gif', 0, 0);
INSERT INTO `ship` VALUES (1151740170574815234, '2019-12-29 12:00:00', '2019-12-29 12:00:00', 'SHIP', '單桅三角帆船', 1800, 100, 7.5, 70, '/img/ship/dhow.gif', 0, 0);
INSERT INTO `ship` VALUES (1151740170583203842, '2019-12-29 12:00:00', '2019-12-29 12:00:00', 'SHIP', '三角帆船', 1800, 45, 9.5, 80, '/img/ship/tarette.gif', 0, 0);
INSERT INTO `ship` VALUES (1151740170591592450, '2019-12-29 12:00:00', '2019-12-29 12:00:00', 'SHIP', '多桅帆船', 40000, 140, 6.0, 200, '/img/ship/bas.gif', 0, 0);
INSERT INTO `ship` VALUES (1151740170599981058, '2019-12-29 12:00:00', '2019-12-29 12:00:00', 'SHIP', '多桅三角帆船', 3400, 90, 7.5, 70, '/img/ship/caravelle_l.gif', 0, 0);
INSERT INTO `ship` VALUES (1151740170608369666, '2019-12-29 12:00:00', '2019-12-29 12:00:00', 'SHIP', '多桅橫帆船', 20000, 125, 9.0, 100, '/img/ship/caravelle_r.gif', 0, 0);
INSERT INTO `ship` VALUES (1151740170616758273, '2019-12-29 12:00:00', '2019-12-29 12:00:00', 'SHIP', '多桅小型帆船', 70000, 150, 7.0, 140, '/img/ship/bergantin.gif', 0, 0);
INSERT INTO `ship` VALUES (1151740170625146882, '2019-12-29 12:00:00', '2019-12-29 12:00:00', 'SHIP', '中型帆船', 90000, 170, 8.5, 280, '/img/ship/nao.gif', 0, 0);
INSERT INTO `ship` VALUES (1151740170633535489, '2019-12-29 12:00:00', '2019-12-29 12:00:00', 'SHIP', '武裝帆船', 100000, 200, 8.0, 350, '/img/ship/carrack.gif', 0, 0);
INSERT INTO `ship` VALUES (1151740170641924098, '2019-12-29 12:00:00', '2019-12-29 12:00:00', 'SHIP', '西班牙大帆船', 200000, 250, 6.5, 450, '/img/ship/galleon.gif', 0, 0);
INSERT INTO `ship` VALUES (1151740170650312705, '2019-12-29 12:00:00', '2019-12-29 12:00:00', 'SHIP', '帆船', 124000, 180, 7.0, 270, '/img/ship/zibec.gif', 0, 0);
INSERT INTO `ship` VALUES (1151740170658701313, '2019-12-29 12:00:00', '2019-12-29 12:00:00', 'SHIP', '輕型帆船', 16000, 110, 8.5, 100, '/img/ship/pinnace.gif', 0, 0);
INSERT INTO `ship` VALUES (1151740170662895618, '2019-12-29 12:00:00', '2019-12-29 12:00:00', 'SHIP', '單桅快船', 56000, 150, 8.5, 150, '/img/ship/sloop.gif', 0, 0);
INSERT INTO `ship` VALUES (1151740170671284225, '2019-12-29 12:00:00', '2019-12-29 12:00:00', 'SHIP', '輕型三角帆船', 1400, 70, 7.0, 70, '/img/ship/l_galley.gif', 0, 0);
INSERT INTO `ship` VALUES (1151740170683867138, '2019-12-29 12:00:00', '2019-12-29 12:00:00', 'SHIP', '佛蘭德帆船', 254000, 210, 8.0, 300, '/img/ship/f_galley.gif', 0, 0);
INSERT INTO `ship` VALUES (1151740170692255746, '2019-12-29 12:00:00', '2019-12-29 12:00:00', 'SHIP', '威尼斯炮艦', 700000, 320, 7.0, 600, '/img/ship/galleass.gif', 0, 0);
INSERT INTO `ship` VALUES (1151740170700644354, '2019-12-29 12:00:00', '2019-12-29 12:00:00', 'SHIP', '混合式快船', 100000, 185, 10.0, 250, '/img/ship/real.gif', 0, 0);
INSERT INTO `ship` VALUES (1151740170709032962, '2019-12-29 12:00:00', '2019-12-29 12:00:00', 'SHIP', '安宅船', 27500, 120, 9.5, 120, '/img/ship/atake.gif', 0, 0);
INSERT INTO `ship` VALUES (1151740170717421570, '2019-12-29 12:00:00', '2019-12-29 12:00:00', 'SHIP', '關船', 2000, 60, 10.0, 70, '/img/ship/seki.gif', 0, 0);
INSERT INTO `ship` VALUES (1151740170725810177, '2019-12-29 12:00:00', '2019-12-29 12:00:00', 'SHIP', '鐵甲船', 3800000, 400, 8.5, 850, '/img/ship/iron.gif', 0, 0);
INSERT INTO `ship` VALUES (1151740170730004482, '2019-12-29 12:00:00', '2019-12-29 12:00:00', 'SHIP', '大型輪船', 4000000, 420, 6.5, 1000, '/img/ship/ship.gif', 0, 0);
INSERT INTO `ship` VALUES (1151740170742587394, '2019-12-29 12:00:00', '2019-12-29 12:00:00', 'SHIP', '三桅大型帆船', 2500000, 380, 6.5, 700, '/img/ship/bark.gif', 0, 0);
INSERT INTO `ship` VALUES (1151740170750976002, '2019-12-29 12:00:00', '2019-12-29 12:00:00', 'SHIP', '武裝快船', 1500000, 350, 8.5, 500, '/img/ship/frigate.gif', 0, 0);
INSERT INTO `ship` VALUES (1151740170759364610, '2019-12-29 12:00:00', '2019-12-29 12:00:00', 'SHIP', '中國帆船', 96000, 180, 7.0, 300, '/img/ship/junk.gif', 0, 0);
INSERT INTO `ship` VALUES (1151740170767753217, '2019-12-29 12:00:00', '2019-12-29 12:00:00', 'ATTACK', '武裝', 5422487, 0, 0.0, 10, '/img/ship/atk.gif', 0, 0);
INSERT INTO `ship` VALUES (1151740170776141825, '2019-12-29 12:00:00', '2019-12-29 12:00:00', 'ATTACK', '武裝', 2711222, 0, 0.0, 5, '/img/ship/atk.gif', 0, 0);
INSERT INTO `ship` VALUES (1151740170784530434, '2019-12-29 12:00:00', '2019-12-29 12:00:00', 'COMMAND', '回避力UP', 5422487, 0, 0.0, 10, '/img/ship/cmd.gif', 0, 0);
INSERT INTO `ship` VALUES (1151740170792919042, '2019-12-29 12:00:00', '2019-12-29 12:00:00', 'COMMAND', '回避力UP', 100000, 0, 0.0, 5, '/img/ship/cmd.gif', 0, 0);
INSERT INTO `ship` VALUES (1151740170797113346, '2019-12-29 12:00:00', '2019-12-29 12:00:00', 'NAVIGATION', '速度UP', 200000, 0, 0.0, 10, '/img/ship/nav.gif', 0, 0);
INSERT INTO `ship` VALUES (1151740170805501953, '2019-12-29 12:00:00', '2019-12-29 12:00:00', 'NAVIGATION', '速度UP', 2711222, 0, 0.0, 5, '/img/ship/nav.gif', 0, 0);

-- ----------------------------
-- Table structure for user
-- ----------------------------
DROP TABLE IF EXISTS `user`;
CREATE TABLE `user`  (
  `id` bigint(20) UNSIGNED NOT NULL,
  `create_time` datetime(0) NOT NULL,
  `modified_time` datetime(0) NOT NULL,
  `username` varchar(64) CHARACTER SET utf8mb4 COLLATE utf8mb4_general_ci NOT NULL,
  `password` varchar(64) CHARACTER SET utf8mb4 COLLATE utf8mb4_general_ci NOT NULL,
  `description` varchar(255) CHARACTER SET utf8mb4 COLLATE utf8mb4_general_ci NOT NULL,
  `email` varchar(64) CHARACTER SET utf8mb4 COLLATE utf8mb4_general_ci NOT NULL,
  `money` int(11) NOT NULL,
  `food` int(11) NOT NULL,
  `tactic` enum('WARLIKE','COMMON','AVOID','SURRENDER','MOORING') CHARACTER SET utf8mb4 COLLATE utf8mb4_general_ci NOT NULL DEFAULT 'WARLIKE',
  `sailor` int(11) NOT NULL,
  `attack` int(11) NOT NULL,
  `command` int(11) NOT NULL,
  `navigation` int(11) NOT NULL,
  `trade` int(11) NOT NULL,
  `adventure` int(11) NOT NULL,
  `battle` int(11) NOT NULL,
  `trade_exp` int(11) NOT NULL,
  `adventure_exp` int(11) NOT NULL,
  `battle_exp` int(11) NOT NULL,
  `last_access_time` datetime(0) NOT NULL,
  `move_time` datetime(0) NOT NULL,
  `action` varchar(64) CHARACTER SET utf8mb4 COLLATE utf8mb4_general_ci NOT NULL,
  `area_id` bigint(20) UNSIGNED NOT NULL,
  `port_id` bigint(20) UNSIGNED NULL DEFAULT NULL,
  `point` enum('PORT','YARD','TRADE','BAR','CITY','BATTLE','MAIL') CHARACTER SET utf8mb4 COLLATE utf8mb4_general_ci NOT NULL,
  `battle_time` datetime(0) NOT NULL,
  PRIMARY KEY (`id`) USING BTREE
) ENGINE = InnoDB CHARACTER SET = utf8mb4 COLLATE = utf8mb4_general_ci ROW_FORMAT = Dynamic;

-- ----------------------------
-- Table structure for user_adventure
-- ----------------------------
DROP TABLE IF EXISTS `user_adventure`;
CREATE TABLE `user_adventure`  (
  `id` bigint(20) UNSIGNED NOT NULL,
  `create_time` datetime(0) NOT NULL,
  `modified_time` datetime(0) NOT NULL,
  `user_id` bigint(20) UNSIGNED NOT NULL,
  `adventure_id` bigint(20) UNSIGNED NOT NULL,
  `is_active` tinyint(1) NOT NULL,
  `seq` tinyint(1) NOT NULL,
  `completion_times` int(11) NOT NULL,
  PRIMARY KEY (`id`) USING BTREE
) ENGINE = InnoDB CHARACTER SET = utf8mb4 COLLATE = utf8mb4_general_ci ROW_FORMAT = Dynamic;

-- ----------------------------
-- Table structure for user_battle_limit
-- ----------------------------
DROP TABLE IF EXISTS `user_battle_limit`;
CREATE TABLE `user_battle_limit`  (
  `id` bigint(20) UNSIGNED NOT NULL,
  `modified_time` datetime(0) NOT NULL DEFAULT CURRENT_TIMESTAMP ON UPDATE CURRENT_TIMESTAMP(0),
  `create_time` datetime(0) NOT NULL DEFAULT CURRENT_TIMESTAMP,
  `attacker_user_id` bigint(20) UNSIGNED NOT NULL DEFAULT 0,
  `defender_user_id` bigint(20) UNSIGNED NOT NULL,
  PRIMARY KEY (`id`) USING BTREE
) ENGINE = InnoDB CHARACTER SET = utf8mb4 COLLATE = utf8mb4_general_ci ROW_FORMAT = Dynamic;

-- ----------------------------
-- Table structure for user_friendship
-- ----------------------------
DROP TABLE IF EXISTS `user_friendship`;
CREATE TABLE `user_friendship`  (
  `id` bigint(20) UNSIGNED NOT NULL,
  `create_time` datetime(0) NOT NULL,
  `modified_time` datetime(0) NOT NULL,
  `user_id` bigint(20) UNSIGNED NOT NULL,
  `friend_user_id` bigint(20) UNSIGNED NOT NULL,
  PRIMARY KEY (`id`) USING BTREE
) ENGINE = InnoDB CHARACTER SET = utf8mb4 COLLATE = utf8mb4_general_ci ROW_FORMAT = Dynamic;

-- ----------------------------
-- Table structure for user_goods
-- ----------------------------
DROP TABLE IF EXISTS `user_goods`;
CREATE TABLE `user_goods`  (
  `id` bigint(20) UNSIGNED NOT NULL,
  `create_time` datetime(0) NOT NULL,
  `modified_time` datetime(0) NOT NULL,
  `user_id` bigint(20) UNSIGNED NOT NULL,
  `goods_id` bigint(20) UNSIGNED NOT NULL,
  `quantity` int(11) NOT NULL,
  PRIMARY KEY (`id`) USING BTREE
) ENGINE = InnoDB CHARACTER SET = utf8mb4 COLLATE = utf8mb4_general_ci ROW_FORMAT = Dynamic;

-- ----------------------------
-- Table structure for user_item
-- ----------------------------
DROP TABLE IF EXISTS `user_item`;
CREATE TABLE `user_item`  (
  `id` bigint(20) UNSIGNED NOT NULL,
  `create_time` datetime(0) NOT NULL,
  `modified_time` datetime(0) NOT NULL,
  `user_id` bigint(20) UNSIGNED NOT NULL,
  `item_id` bigint(20) UNSIGNED NOT NULL,
  PRIMARY KEY (`id`) USING BTREE
) ENGINE = InnoDB CHARACTER SET = utf8mb4 COLLATE = utf8mb4_general_ci ROW_FORMAT = Dynamic;

-- ----------------------------
-- Table structure for user_operation
-- ----------------------------
DROP TABLE IF EXISTS `user_operation`;
CREATE TABLE `user_operation`  (
  `id` bigint(20) UNSIGNED NOT NULL,
  `modified_time` datetime(0) NOT NULL DEFAULT CURRENT_TIMESTAMP ON UPDATE CURRENT_TIMESTAMP(0),
  `create_time` datetime(0) NOT NULL DEFAULT CURRENT_TIMESTAMP,
  `user_id` bigint(20) UNSIGNED NOT NULL DEFAULT 0,
  `type` enum('LOGIN','LOGOUT','MOVE','GOODS','SHIP','SAILOR','FOOD','CITY','BATTLE','ADVENTURE') CHARACTER SET utf8mb4 COLLATE utf8mb4_general_ci NOT NULL,
  `description` varchar(4096) CHARACTER SET utf8mb4 COLLATE utf8mb4_general_ci NULL DEFAULT '',
  `ip` varchar(255) CHARACTER SET utf8mb4 COLLATE utf8mb4_general_ci NULL DEFAULT '',
  `user_agent` varchar(255) CHARACTER SET utf8mb4 COLLATE utf8mb4_general_ci NULL DEFAULT '',
  `platform_type` enum('WINDOWS','MAC_OS','ANDROID','LINUX','UNKNOWN') CHARACTER SET utf8mb4 COLLATE utf8mb4_general_ci NULL DEFAULT 'WINDOWS',
  `platform_series` varchar(255) CHARACTER SET utf8mb4 COLLATE utf8mb4_general_ci NULL DEFAULT '',
  `platform_version` varchar(255) CHARACTER SET utf8mb4 COLLATE utf8mb4_general_ci NULL DEFAULT '',
  `browser_type` enum('IE','CHROME','FIRE_FOX','SAFARI','QQ','UC','QH360','MAXTHON','UNKNOWN') CHARACTER SET utf8mb4 COLLATE utf8mb4_general_ci NULL DEFAULT 'IE',
  `browser_version` varchar(255) CHARACTER SET utf8mb4 COLLATE utf8mb4_general_ci NULL DEFAULT '',
  PRIMARY KEY (`id`) USING BTREE
) ENGINE = InnoDB CHARACTER SET = utf8mb4 COLLATE = utf8mb4_general_ci ROW_FORMAT = Dynamic;

-- ----------------------------
-- Table structure for user_port_city
-- ----------------------------
DROP TABLE IF EXISTS `user_port_city`;
CREATE TABLE `user_port_city`  (
  `id` bigint(20) UNSIGNED NOT NULL,
  `create_time` datetime(0) NOT NULL,
  `modified_time` datetime(0) NOT NULL,
  `user_id` bigint(20) UNSIGNED NOT NULL,
  `port_id` bigint(20) UNSIGNED NOT NULL,
  `name` varchar(10) CHARACTER SET utf8mb4 COLLATE utf8mb4_general_ci NOT NULL,
  `description` varchar(64) CHARACTER SET utf8mb4 COLLATE utf8mb4_general_ci NOT NULL,
  `hp` int(11) NOT NULL,
  `money` int(11) NOT NULL,
  `tax_rate` int(11) NOT NULL,
  `price` int(11) NOT NULL,
  PRIMARY KEY (`id`) USING BTREE
) ENGINE = InnoDB CHARACTER SET = utf8mb4 COLLATE = utf8mb4_general_ci ROW_FORMAT = Dynamic;

-- ----------------------------
-- Table structure for user_port_city_deposit
-- ----------------------------
DROP TABLE IF EXISTS `user_port_city_deposit`;
CREATE TABLE `user_port_city_deposit`  (
  `id` bigint(20) UNSIGNED NOT NULL,
  `create_time` datetime(0) NOT NULL,
  `modified_time` datetime(0) NOT NULL,
  `user_id` bigint(20) UNSIGNED NOT NULL,
  `user_port_city_id` bigint(20) UNSIGNED NOT NULL,
  `amount` int(11) NOT NULL,
  PRIMARY KEY (`id`) USING BTREE
) ENGINE = InnoDB CHARACTER SET = utf8mb4 COLLATE = utf8mb4_general_ci ROW_FORMAT = Dynamic;

-- ----------------------------
-- Table structure for user_port_city_goods
-- ----------------------------
DROP TABLE IF EXISTS `user_port_city_goods`;
CREATE TABLE `user_port_city_goods`  (
  `id` bigint(20) UNSIGNED NOT NULL,
  `create_time` datetime(0) NOT NULL,
  `modified_time` datetime(0) NOT NULL,
  `user_port_city_id` bigint(20) UNSIGNED NOT NULL,
  `goods_id` bigint(20) UNSIGNED NOT NULL,
  `quantity` int(11) NOT NULL,
  `price` int(11) NOT NULL,
  PRIMARY KEY (`id`) USING BTREE
) ENGINE = InnoDB CHARACTER SET = utf8mb4 COLLATE = utf8mb4_general_ci ROW_FORMAT = Dynamic;

-- ----------------------------
-- Table structure for user_port_city_item
-- ----------------------------
DROP TABLE IF EXISTS `user_port_city_item`;
CREATE TABLE `user_port_city_item`  (
  `id` bigint(20) UNSIGNED NOT NULL,
  `create_time` datetime(0) NOT NULL,
  `modified_time` datetime(0) NOT NULL,
  `user_port_city_id` bigint(20) UNSIGNED NOT NULL,
  `item_id` bigint(20) UNSIGNED NOT NULL,
  `price` int(11) NOT NULL,
  PRIMARY KEY (`id`) USING BTREE
) ENGINE = InnoDB CHARACTER SET = utf8mb4 COLLATE = utf8mb4_general_ci ROW_FORMAT = Dynamic;

-- ----------------------------
-- Table structure for user_port_city_ship
-- ----------------------------
DROP TABLE IF EXISTS `user_port_city_ship`;
CREATE TABLE `user_port_city_ship`  (
  `id` bigint(20) UNSIGNED NOT NULL,
  `create_time` datetime(0) NOT NULL,
  `modified_time` datetime(0) NOT NULL,
  `user_port_city_id` bigint(20) UNSIGNED NOT NULL,
  `ship_id` bigint(20) UNSIGNED NOT NULL,
  `volume` int(11) NOT NULL,
  `hp` int(11) NOT NULL,
  `speed` decimal(11, 2) NOT NULL,
  `price` int(11) NOT NULL,
  PRIMARY KEY (`id`) USING BTREE
) ENGINE = InnoDB CHARACTER SET = utf8mb4 COLLATE = utf8mb4_general_ci ROW_FORMAT = Dynamic;

-- ----------------------------
-- Table structure for user_ship
-- ----------------------------
DROP TABLE IF EXISTS `user_ship`;
CREATE TABLE `user_ship`  (
  `id` bigint(20) UNSIGNED NOT NULL,
  `create_time` datetime(0) NOT NULL,
  `modified_time` datetime(0) NOT NULL,
  `user_id` bigint(20) UNSIGNED NOT NULL,
  `ship_id` bigint(20) UNSIGNED NOT NULL,
  `volume` int(11) NOT NULL,
  `hp` int(11) NOT NULL,
  `speed` decimal(11, 2) NOT NULL,
  PRIMARY KEY (`id`) USING BTREE
) ENGINE = InnoDB CHARACTER SET = utf8mb4 COLLATE = utf8mb4_general_ci ROW_FORMAT = Dynamic;

SET FOREIGN_KEY_CHECKS = 1;
